Player,Team,Team within selected timeframe,Position,Age,Market value,Matches played,Minutes played,Duels per 90,"Duels won, %",Foot,Height,Successful defensive actions per 90,Defensive duels per 90,"Defensive duels won, %",Aerial duels per 90,"Aerial duels won, %",Sliding tackles per 90,Shots blocked per 90,Interceptions per 90,PAdj Interceptions,Fouls per 90,Successful attacking actions per 90,Goals per 90,Non-penalty goals per 90,xG per 90,Head goals per 90,Shots per 90,"Shots on target, %","Goal conversion, %",Assists per 90,Crosses per 90,"Accurate crosses, %",Dribbles per 90,"Successful dribbles, %",Offensive duels per 90,"Offensive duels won, %",Touches in box per 90,Progressive runs per 90,Accelerations per 90,Received passes per 90,Received long passes per 90,Fouls suffered per 90,Passes per 90,"Accurate passes, %",Forward passes per 90,"Accurate forward passes, %","Accurate short / medium passes, %",Long passes per 90,"Accurate long passes, %",xA per 90,Shot assists per 90,Second assists per 90,Third assists per 90,Smart passes per 90,Key passes per 90,Passes to final third per 90,"Accurate passes to final third, %",Passes to penalty area per 90,"Accurate passes to penalty area, %",Through passes per 90,"Accurate through passes, %",Deep completions per 90,Deep completed crosses per 90,Progressive passes per 90,"Accurate progressive passes, %",Free kicks per 90,Direct free kicks per 90,"Direct free kicks on target, %",Corners per 90,Penalties taken,"Penalty conversion, %"
Fahad Waad,Al Wakrah,Al Wakrah,LB,26,175000,10,1045,9.9,50.43,right,0,6.72,6.2,55.56,0.6,71.43,0.26,0.17,3.01,5.12,0.78,2.15,0,0,0.01,0,0.17,50,0,0.09,2.76,62.5,0.6,57.14,1.72,35,0.52,0.95,0.17,20.93,2.07,0.26,28.85,79.1,8.27,65.63,83.64,2.67,51.61,0.16,1.12,0,0.09,0.09,0.78,2.93,55.88,3.44,62.5,0.26,33.33,0.95,1.46,7.49,70.11,0.43,0.09,0,0.43,0,0
Khalifa Ababacar,Al Gharafa,Al Gharafa,GK,36,100000,10,1040,0.43,80,right,203,1.9,0.09,0,0.26,100,0,0,1.9,2.89,0,0,0,0,0,0,0,0,0,0,0,0,0,0,0,0,0,0,0,7.01,0.09,0.17,12.46,88.19,7.1,80.49,95.88,4.07,72.34,0,0,0,0,0,0,1.04,66.67,0,0,0.09,0,0,0,2.94,70.59,,,,0,0,0
Róger Guedes,Al Rayyan,Al Rayyan,"AMF, CF, LAMF",29,10000000,10,1039,10.83,43.2,right,182,1.65,0.61,42.86,1.73,40,0,0.09,1.39,2.11,0.69,3.81,1.04,0.69,0.72,0.09,3.46,60,30,0.09,0.87,40,2.43,57.14,7.02,48.15,3.72,2.69,0.35,19.66,0.95,1.47,24.69,80.7,9.18,73.58,84.55,2.51,62.07,0.05,0.61,0,0,0,0.26,4.5,71.15,1.3,80,0.17,0,0.87,0.26,3.98,80.43,0.43,0.26,33.33,0.87,4,100
Ali Nader,Qatar SC,Qatar SC,GK,21,0,10,1037,0.78,88.89,right,0,2.52,0.17,50,0.43,100,0,0,2.43,3.65,0,0.09,0,0,0,0,0,0,0,0,0,0,0.09,100,0.09,100,0,0,0,8.16,0.43,0.35,13.54,85.9,7.2,75.9,98.02,4.77,63.64,0,0,0,0,0,0,0.78,22.22,0.09,0,0,0,0,0,3.47,72.5,,,,0,0,0
Joăo Pedro,Qatar SC,Qatar SC,CF,32,5500000,10,1037,22.57,36.15,right,182,3.04,2.17,60,4.17,29.17,0.09,0.09,1.65,2.48,1.3,3.04,0.61,0.43,0.45,0,3.04,45.71,20,0,0.52,0,2.95,55.88,12.93,36.91,3.3,1.3,0.26,12.15,1.65,2.17,18.31,73.93,3.47,57.5,76.65,0.69,62.5,0.02,0.43,0,0,0.09,0.17,1.48,64.71,1.04,58.33,0.09,0,0.61,0,2.08,70.83,0.09,0.09,0,0,2,100
O. Tannane,Umm Salal,Umm Salal,"AMF, CF, RCMF",31,1700000,10,1027,20.51,42.31,left,178,4.12,5.08,51.72,1.67,10.53,0.26,0.09,1.23,1.49,2.1,3.15,0.53,0.44,0.2,0,2.8,40.63,18.75,0.35,0.96,18.18,3.86,43.18,11.92,43.38,1.23,2.19,0.53,23.31,1.05,2.98,29.97,77.19,10.25,74.36,81.08,3.07,62.86,0.23,2.02,0,0,0.18,0.53,5,73.68,2.28,46.15,0.35,50,0.79,0.18,4.56,75,3.33,1.05,50,3.24,1,100
Akram Afif,Al Sadd,Al Sadd,"LAMF, LW, CF",29,6000000,10,1027,9.9,53.1,right,177,2.02,1.23,64.29,0.44,40,0.26,0,0.96,1.62,0.18,5,0.53,0.53,0.27,0,1.93,50,27.273,0.53,2.54,58.62,4.03,58.7,7.01,55,4.82,4.56,0.61,30.5,2.8,1.4,37.16,80.66,9.73,79.28,83.06,2.72,74.19,0.48,3.59,0.18,0.18,0.35,1.58,4.38,70,4.21,70.83,0.09,100,2.98,1.23,6.92,91.14,0.61,0.09,0,4.03,0,0
Y. Brahimi,Al Gharafa,Al Gharafa,"LW, LWF, LAMF",35,2800000,10,1027,26.64,49.67,right,175,2.98,2.54,65.52,0.53,33.33,0.09,0.09,1.23,1.86,0.53,8.06,0.44,0.18,0.45,0,2.45,50,17.857,0.53,2.98,26.47,9.64,61.82,22.17,49.41,3.15,7.45,0.18,22.78,1.75,2.45,31.11,78.87,8.59,72.45,85.62,2.02,69.57,0.23,1.67,0.09,0,0.26,0.09,5.35,73.77,3.07,51.43,0.26,33.33,1.14,0.79,5.52,82.54,2.19,0.44,60,3.51,3,100
Diogo Amaro,Al Sailiya,Al Sailiya,"RDMF, RCMF",21,0,10,1024,10.72,59.02,right,186,9.32,4.83,58.18,2.46,64.29,0.26,0.62,6.24,7.17,0.97,0.62,0.18,0.18,0.08,0.09,0.26,66.67,66.667,0.09,0.18,100,0.35,50,2.64,60,0.44,0.88,0,16.88,0.62,1.05,32.08,84.38,12.74,72.41,86.45,2.72,61.29,0.06,0.26,0.09,0,0.18,0.18,5.27,71.67,0.35,100,0.44,20,0.26,0.18,6.15,74.29,0,0,0,0,0,0
Fahad Younis,Al Sailiya,Al Sailiya,GK,31,500000,10,1024,0.53,100,right,181,1.41,0.09,100,0.44,100,0,0.09,1.32,1.52,0,0,0,0,0,0,0,0,0,0,0,0,0,0,0,0,0,0,0,4.04,0.09,0.09,8,71.43,4.83,52.73,93.33,4.04,50,0,0,0,0,0,0,0.18,0,0,0,0,0,0,0,2.99,55.88,,,,0,0,0
Saoud Al Khater,Al Wakrah,Al Wakrah,GK,34,250000,10,1019,0.71,87.5,right,177,2.47,0.26,66.67,0.18,100,0,0,2.3,3.92,0,0,0,0,0,0,0,0,0,0,0,0,0,0,0.18,100,0,0,0,8.74,0.18,0.26,14.66,84.94,8.66,76.53,98.88,6.8,68.83,0,0,0,0,0,0,1.32,40,0.09,0,0.09,0,0,0,5.21,77.97,,,,0,0,0
B. Seck,Al Shamal,Al Shamal,GK,30,0,10,1014,0.36,75,,0,1.24,0,0,0.36,75,0,0,1.24,1.81,0,0,0,0,0,0,0,0,0,0,0,0,0,0,0,0,0,0,0.09,11.36,0.36,0,17.13,76.17,9.94,62.5,95.5,7.28,50,0,0,0,0,0,0,2.66,36.67,0.09,0,0.09,0,0,0,4.7,62.26,,,,0,0,0
K. Pi?tek,Al Duhail,Al Duhail,CF,30,6000000,10,1002,12.93,38.89,right,183,1.44,1.89,33.33,4.13,50,0,0.18,0.81,1.41,1.53,1.89,0.54,0.36,0.63,0.09,2.78,35.48,19.355,0.09,0.99,27.27,0.81,77.78,4.13,34.78,5.93,0.27,0.09,11.59,1.17,0.99,13.56,78.81,2.25,72,82.22,0.72,75,0.05,0.72,0.18,0,0.09,0.27,1.17,92.31,0.36,0,0.09,0,0.81,0.18,0.9,70,0,0,0,0,3,66.667
Ayoub Al Ouwi,Al Gharafa,Al Gharafa,"RB, RCB",20,0,10,1002,12.66,50.35,right,187,7.37,6.47,54.17,1.98,54.55,0.36,0.9,3.5,5.39,1.44,0.63,0,0,0.01,0,0.18,0,0,0,0.72,12.5,0.81,66.67,2.6,41.38,0.27,0.54,0.09,22.1,1.26,0.45,30.9,82.27,11.95,72.18,88.41,3.14,42.86,0.02,0.18,0,0,0,0,3.95,65.91,0.99,45.45,0,0,0.36,0.09,6.02,71.64,0,0,0,0,0,0
J. Draxler,Al Ahli,Al Ahli,"CF, LW, LAMF",32,4000000,10,998,16.23,45,right,185,3.52,2.53,60.71,3.25,50,0.09,0.09,1.89,2.8,0.81,3.34,0.36,0.18,0.26,0,1.35,73.33,26.667,0.18,0.99,18.18,3.7,51.22,8.57,37.89,2.43,1.8,0.09,28.41,2.16,0.81,36.52,85.43,5.5,63.93,89.22,2.34,50,0.15,1.35,0,0,0.27,0.54,3.61,70,1.71,68.42,0.72,25,1.8,0.18,2.53,89.29,0.27,0.27,66.67,0.99,2,100
M. Nani,Al Sailiya,Al Sailiya,LCB,27,650000,10,990,11.64,63.28,left,189,8.73,4.82,60.38,3.64,67.5,0.18,0.73,5.64,6.41,1,0,0,0,0.02,0,0.09,0,0,0.09,0,0,0.09,0,1.18,53.85,0.18,0,0,16,0.18,0.73,27.27,78.33,15.36,66.27,86.73,8.09,58.43,0,0.09,0,0,0,0,4.45,48.98,0.45,20,0.36,0,0,0,7.91,64.37,0,0,0,0,0,0
Shehab Ellethy,Al Shahaniya,Al Shahaniya,GK,25,250000,10,988,0.36,75,left,180,1.37,0.18,50,0.09,100,0,0,1.28,1.69,0.09,0,0,0,0,0,0,0,0,0,0,0,0,0,0,0,0.09,0,0,11.48,0.18,0,16.4,89.44,6.74,77.03,99.26,4.1,60,0,0,0,0,0,0,0.55,50,0,0,0,0,0.09,0,2.82,61.29,,,,0,0,0
F. Sassi,Al Gharafa,Al Gharafa,"RCMF, AMF, RWB",33,1500000,10,982,21.26,49.14,right,185,9.07,8.07,63.64,3.57,35.9,0.55,0.37,3.39,5.24,1.65,1.1,0.18,0.18,0.17,0.18,1.74,21.05,10.526,0.09,0.37,25,1.1,50,6.6,40.28,1.83,0.46,0,29.33,0.46,1.01,41.98,88.43,12.19,83.46,90.24,3.12,73.53,0.06,0.55,0,0,0.18,0.27,6.87,84,1.19,69.23,0.46,80,0.92,0.18,5.41,88.14,0,0,0,0,0,0
Moufak Awad,Al Shamal,Al Shamal,LB,28,225000,10,980,13.78,48,right,165,9.55,7.07,58.44,1.93,42.86,0.92,0.18,4.5,6.5,1.93,1.38,0.09,0.09,0.11,0,0.37,50,25,0,1.1,33.33,1.47,56.25,3.49,39.47,0.64,1.47,0.28,20.85,1.93,0.46,30.12,79.88,12.49,71.32,85.37,2.76,43.33,0.04,0.28,0,0,0,0.28,2.94,62.5,1.19,38.46,0.09,0,0.28,0.37,5.33,65.52,0,0,0,0,0,0
André Amaro,Al Rayyan,Al Rayyan,RCB,23,5500000,10,978,11.69,59.84,right,188,6.63,3.77,65.85,6.26,58.82,0.18,0.92,3.96,5.92,0.74,0.28,0,0,0.04,0,0.37,25,0,0,0.18,50,0.09,100,0.37,50,0.92,0.28,0,27.33,0.18,0.55,40.12,91.28,17.21,85.03,94.57,2.67,48.28,0,0,0,0.09,0,0,2.67,68.97,0.09,0,0.09,0,0.09,0,5.43,74.58,0,0,0,0,0,0
Assim Madibo,Al Wakrah,Al Wakrah,"RDMF, RCMF, LCMF",29,300000,9,967,14.05,67.55,right,168,9.87,8.1,77.01,0.65,42.86,0.93,0.09,2.7,4.68,1.77,0.74,0,0,0,0,0.19,0,0,0,0.28,66.67,0.74,75,3.54,50,0.09,0.65,0.09,24.38,0,0.65,37.14,88.47,12.84,78.99,91.41,3.35,61.11,0.01,0.19,0,0,0,0,6.05,73.85,1.21,69.23,0.37,25,0.65,0.09,5.96,76.56,0,0,0,0,0,0
Hamdi Fathi,Al Wakrah,Al Wakrah,"LDMF, RCB, LCMF",31,2200000,10,957,14.58,56.13,right,180,6.77,5.45,58.62,2.73,58.62,0.28,0.28,3.29,5.59,1.88,1.03,0.09,0.09,0.15,0,1.6,23.53,5.882,0,0.94,20,0.75,62.5,3.29,57.14,1.6,1.13,0,27.74,0.66,1.97,39.5,83.81,15.42,74.39,88.83,5.74,65.57,0.01,0.47,0.09,0,0.19,0,7.52,67.5,1.13,25,0.66,14.29,0.09,0.19,7.9,80.95,0.47,0,0,0.66,0,0
A. Zouhzouh,Al Wakrah,Al Wakrah,"LAMF, AMF, LW",25,0,10,955,13.19,43.57,right,0,3.3,1.98,57.14,2.07,36.36,0.09,0.19,2.07,3.53,0.47,4.15,0.47,0.09,0.45,0,2.17,47.83,21.739,0.28,3.2,38.24,3.3,57.14,8.1,45.35,2.54,1.98,0.28,23.65,1.32,1.6,31.48,76.95,6.88,72.6,84.73,3.77,57.5,0.35,2.07,0,0.09,0.09,0.66,3.77,72.5,3.39,52.78,0.75,37.5,1.13,1.04,4.43,74.47,1.32,0.28,66.67,3.77,4,100
Nabil Irfan,Al Wakrah,Al Wakrah,RB,21,0,10,953,12.84,48.53,right,0,7.74,8.41,53.93,2.74,34.48,0.28,0.09,2.93,4.82,2.27,0.19,0,0,0.01,0,0.19,0,0,0.09,0.47,20,0,0,0.94,40,0.47,0.66,0,19.08,0.76,0.47,26.54,81.85,14.64,76.13,87.76,3.68,53.85,0.01,0.09,0,0,0.09,0.09,4.63,73.47,0.76,25,0.19,50,0.09,0.09,6.14,75.38,0,0,0,0,0,0
B. Bounedjah,Al Shamal,Al Shamal,CF,34,3000000,10,948,17.94,39.68,right,184,3.7,1.9,50,4.08,48.84,0.19,0.19,2.56,3.82,1.33,4.08,0.57,0.38,0.77,0,4.18,52.27,13.636,0.28,1.52,31.25,2.94,45.16,9.02,30.53,6.08,2.47,0.09,15.47,1.8,1.9,19.94,67.62,5.98,61.9,78.16,2.09,9.09,0.19,1.33,0.09,0,0.09,1.04,3.51,62.16,3.51,56.76,0.38,25,2.18,0.38,3.8,77.5,0.19,0.19,0,0.09,2,100
Tarek Salman,Al Sadd,Al Sadd,"RB, LCB",27,550000,10,947,9.6,50.5,right,179,4.75,4.66,55.1,2,66.67,0.19,0.29,2,3.26,1.62,0.38,0,0,0.01,0,0.1,0,0,0,0.19,100,0.38,50,1.62,29.41,0.29,1.14,0.1,33.17,0.76,0.38,42.39,92.83,15.21,88.75,93.69,1.52,68.75,0,0.1,0.1,0,0,0,3.8,85,0.19,100,0.1,0,0.1,0.1,5.32,76.79,0,0,0,0,0,0
Abdulla Mahmoud Mahmoud,Al Sailiya,Al Sailiya,RB,23,0,10,945,11.81,52.42,right,178,8,8,60.71,1.81,36.84,0.29,0,2.86,3.25,0.57,0,0,0,0,0,0.19,0,0,0,0.38,0,0.19,0,0.95,40,0.1,0.38,0.19,12.57,0.48,0.29,19.71,65.7,12.19,58.59,77.99,4.19,27.27,0,0,0,0,0,0,3.43,41.67,0.48,0,0.38,0,0,0,4.95,46.15,0,0,0,0,0,0
J. Veretout,Al Arabi,Al Arabi,"LDMF, LCMF",32,15000000,10,943,9.45,52.53,right,177,4.87,2.86,63.33,1.53,50,0,0.29,3.05,4.87,0.76,1.72,0.19,0.19,0.11,0,1.24,46.15,15.385,0.1,1.43,26.67,1.34,50,3.82,45,1.72,3.05,0.76,40.37,0.57,0.86,52.78,88.61,15.08,81.01,92.96,4.01,57.14,0.1,0.86,0,0.1,0.1,0.38,7.16,76,1.81,42.11,0.48,40,0.57,0.48,7.92,81.93,0.95,0.29,33.33,2.1,0,0
M. Vlap,Al Ahli,Al Ahli,"AMF, LCMF, CF",28,3000000,10,934,13.68,47.18,right,190,5.49,4.53,63.83,1.73,38.89,0.1,0,2.51,3.7,1.25,1.25,0.39,0.39,0.27,0,1.93,40,20,0.19,0.19,0,1.16,41.67,5.59,36.21,1.93,1.06,0.1,29.29,0.96,1.64,35.85,87.9,9.25,73.96,89.14,1.06,63.64,0.03,0.67,0,0,0,0.29,4.91,78.43,1.25,61.54,0.19,50,0.58,0,4.34,73.33,0.1,0,0,0.39,0,0
R. Tihi,Al Ahli,Al Ahli,"RCB, CB",23,800000,9,927,9.32,51.04,right,187,6.31,2.52,73.08,3.01,38.71,0,0.78,4.47,6.67,0.1,0,0,0,0.02,0,0.1,0,0,0,0,0,0,0,0.97,30,0.19,0.19,0,35.73,0.1,0.49,49.51,87.45,18.93,78.97,92.7,5.63,46.55,0,0,0,0,0,0,3.4,71.43,0.1,100,0.1,0,0,0,8.16,53.57,0,0,0,0,0,0
A. Saoudi,Qatar SC,Qatar SC,"LCB, RCB, CB",21,0,9,926,13.12,58.52,left,190,8.94,6.32,70.77,3.89,40,0.19,0.97,4.28,6.47,1.17,0.29,0.19,0.19,0.04,0.19,0.39,50,50,0,0,0,0.1,100,0.97,70,0.49,0.1,0,15.94,0.1,1.17,26.83,83.33,12.25,70.63,88.74,4.37,55.56,0,0,0,0,0,0,2.24,47.83,0.19,0,0,0,0,0,4.76,67.35,0.1,0,0,0,0,0
Rodri Sánchez,Al Arabi,Al Arabi,"RAMF, RW, AMF",25,3000000,10,920,21.62,55.66,left,175,4.6,4.5,71.74,0.39,25,0.1,0.1,1.27,2.04,0.39,8.61,0.1,0.1,0.21,0,2.45,36,4,0.59,5.09,48.08,8.9,57.14,15.65,53.75,3.82,3.23,0,32.28,2.15,2.35,44.22,78.98,12.42,73.23,86.88,5.87,60,0.3,1.96,0,0,0.39,1.37,8.22,69.05,6.36,58.46,1.76,44.44,2.25,2.15,9.39,91.67,0.29,0.2,50,0.1,0,0
F. Selemani,Qatar SC,Qatar SC,"LAMF, LW, LCMF",32,2000000,10,918,19.9,51.72,right,182,6.37,5.29,61.11,2.84,55.17,0.29,0,2.84,4.44,0.98,3.33,0.1,0.1,0.16,0,2.25,21.74,4.348,0.2,2.65,22.22,3.82,58.97,10.88,47.75,1.96,2.35,0.29,20.98,1.08,3.04,27.94,72.63,9.51,67.01,79.83,2.25,47.83,0.13,0.78,0,0.1,0,0.2,5,72.55,3.43,37.14,0.29,0,0.78,0.59,5.49,83.93,2.35,0.49,0,2.35,0,0
P. van Amersfoort,Al Shahaniya,Al Shahaniya,CF,29,1500000,10,899,15.02,40.67,right,195,2.7,2.5,52,6.41,40.63,0.1,0.1,1.3,1.73,1.5,1.3,0.3,0.2,0.45,0,2.5,36,12,0,0.4,50,0.8,25,3.4,32.35,4.1,0.6,0,11.21,1.6,1.3,14.02,75.71,3.4,61.76,80,1.1,36.36,0.05,0.6,0,0,0,0.2,1.9,57.89,0.8,62.5,0,0,0.8,0.2,1.4,85.71,0,0,0,0,2,50
K. van der Kaap,Al Sailiya,Al Sailiya,RCB,27,1200000,9,896,7.63,53.95,right,190,6.83,3.62,50,1.71,64.71,0.1,0.9,4.92,5.65,1.21,0,0,0,0,0,0.1,0,0,0,0,0,0,0,1.1,45.45,0.2,0,0,12.35,0,0.6,23,84.28,9.64,70.83,91.24,3.52,45.71,0,0,0,0,0,0.1,2.41,50,0.2,0,0.4,25,0,0,4.02,60,0,0,0,0,0,0
Bassam Al Rawi,Al Duhail,Al Duhail,RB,27,650000,9,882,11.73,65.22,right,175,6.84,4.9,70.83,3.67,50,0.2,0.2,3.16,5.41,1.12,1.22,0,0,0.03,0,0.61,16.67,0,0.1,2.35,34.78,0.31,100,1.73,82.35,0.51,1.33,0,31.84,2.14,1.12,43.16,82.03,16.94,77.71,88.92,4.18,43.9,0.04,0.51,0,0.1,0,0.31,8.37,73.17,2.86,46.43,0.51,40,0.31,0.82,9.9,79.38,0,0,0,0,0,0
Abdullah Marafee,Al Arabi,Al Arabi,"RB, LB, RWB",33,200000,10,869,9.74,48.94,right,165,5.7,4.97,58.33,1.14,27.27,0.62,0.21,2.17,3.37,1.35,0.41,0,0,0,0,0,0,0,0,1.55,20,0.21,50,1.97,42.11,0.72,0.52,0.21,20.92,1.55,1.04,28.38,86.5,10.56,87.25,91.16,1.35,69.23,0.04,0.1,0,0,0.1,0.1,2.69,88.46,1.14,45.45,0.31,33.33,0.31,0.31,3.73,72.22,0,0,0,0,0,0
Saifeldeen Hassan Fadlalla,Al Gharafa,Al Gharafa,"LB, LWB, LCMF",22,175000,10,866,14.76,42.25,left,188,7.07,7.17,44.93,0.94,44.44,0.21,0.31,3.64,5.33,1.04,1.56,0,0,0.05,0,0.42,50,0,0.1,1.56,40,0.94,77.78,4.26,34.15,0.52,1.35,0.1,19.43,1.45,0.94,27.33,78.71,8.31,68.75,87.5,3.33,37.5,0.11,0.52,0,0,0,0.21,3.01,62.07,1.97,26.32,0.31,0,0.31,0.52,4.47,62.79,0,0,0,0,0,0
E. Ekpo,Umm Salal,Umm Salal,"LCB, LB",24,0,9,865,9.36,55.56,left,0,9.99,5.83,57.14,2.29,59.09,0.21,0.73,6.45,7.85,0.94,0.21,0.1,0.1,0.03,0.1,0.31,33.33,33.333,0,0,0,0.1,100,0.52,20,0.31,0,0,10.82,0.1,0.1,18.52,77.53,9.36,75.56,84.25,3.33,46.88,0,0,0,0,0,0,2.5,54.17,0.21,0,0,0,0,0,4.37,40.48,0,0,0,0,0,0
J. Castelletto,Al Duhail,Al Duhail,RCB,30,3500000,9,858,7.13,66.18,right,186,5.03,2.73,65.38,3.67,77.14,0,0.84,3.25,5.78,0.63,0.31,0,0,0.13,0,0.84,37.5,0,0,0,0,0,0,0.31,0,1.57,0,0,28.95,0.42,0,39.65,88.89,17.94,80.7,94.22,5.14,53.06,0,0,0,0,0,0,3.04,68.97,0.1,0,0,0,0.21,0,7.03,68.66,0,0,0,0,0,0
Joselu,Al Gharafa,Al Gharafa,"CF, RWF",35,5000000,9,855,10.11,36.46,right,191,2.53,1.58,46.67,3.47,33.33,0.11,0.11,1.68,2.62,0.53,1.05,0.42,0.21,0.37,0.11,1.79,35.29,23.529,0,0.21,50,0.63,50,3.47,36.36,3.05,0.21,0,11.16,1.58,1.26,15.58,77.03,2.95,39.29,77.7,0.74,71.43,0.06,0.42,0,0,0.11,0.11,1.68,62.5,0.63,66.67,0,0,0.53,0.11,1.68,68.75,0.11,0.11,0,0,2,100
S. van Beek,Al Shahaniya,Al Shahaniya,RCB,31,1500000,10,837,10.32,53.13,right,189,8.39,3.55,60.61,4.62,46.51,0.11,0.65,6.13,7.88,0.75,0.32,0,0,0.05,0,0.54,40,0,0,0.32,33.33,0,0,1.72,50,0.43,0.65,0.11,31.61,0.75,0.54,48.39,85.33,20.43,73.68,92.8,9.25,55.81,0.04,0.54,0,0,0,0,7.63,60.56,1.51,28.57,0.97,33.33,0.22,0.11,9.03,72.62,0.22,0.11,0,0,0,0
I. Diallo,Al Ahli,Al Ahli,"LDMF, RCMF, DMF",26,6000000,10,834,14.46,61.19,right,179,6.91,6.91,67.19,0.76,57.14,0,0,2.27,3.21,1.62,0.97,0,0,0.02,0,0.65,33.33,0,0,0.11,100,0.65,83.33,4.75,61.36,0.22,0.54,0,36.26,0.32,1.73,45.11,91.63,10.47,80.41,93.98,3.88,66.67,0.02,0.43,0.11,0,0.11,0,5.5,78.43,0.11,0,0.22,50,0.11,0,4.21,76.92,0,0,0,0,0,0
Mahmud Abunada,Al Rayyan,Al Rayyan,GK,25,250000,8,832,0.87,87.5,left,184,0.97,0.11,0,0.54,100,0.11,0,0.87,1.27,0.11,0,0,0,0,0,0,0,0,0,0,0,0,0,0.11,100,0,0,0.11,8.11,0,0.32,14.5,81.34,7.68,71.83,95.29,5.3,57.14,0,0,0,0,0,0,0.87,12.5,0.32,0,0,0,0,0,4.11,63.16,,,,0,0,0
Youssef Ayman,Al Duhail,Al Duhail,LCB,26,350000,9,832,8.76,56.79,right,188,6.92,3.35,58.06,2.81,65.38,0.65,0.22,4.33,7.36,1.19,0,0,0,0,0,0,0,0,0,0,0,0,0,1.19,45.45,0.11,0.43,0,28.13,0.22,0.54,39.48,91.51,16.33,86.75,94.36,3.03,57.14,0,0,0,0,0,0,3.46,78.13,0.22,0,0,0,0,0,4.11,71.05,0,0,0,0,0,0
Ahmed Fathi,Al Arabi,Al Arabi,"RDMF, DMF, RCMF",32,350000,9,829,14.22,56.49,right,171,9.77,7.49,62.32,1.95,50,0.87,0.54,4.23,6.88,1.95,0.33,0,0,0.01,0,0.43,25,0,0,0.22,0,0.43,50,2.39,59.09,0.33,0.22,0.11,31.59,0.22,1.41,43.1,89.42,11.83,81.65,92.14,2.82,57.69,0.02,0.22,0.11,0.11,0,0.11,4.99,76.09,0,0,0,0,0,0,4.56,69.05,0,0,0,0,0,0
Meshaal Barsham,Al Sadd,Al Sadd,GK,27,800000,8,827,0.22,100,right,180,0.87,0,0,0.22,100,0,0,0.87,1.4,0,0,0,0,0,0,0,0,0,0,0,0,0,0,0,0,0,0,0,10.23,0.33,0,14.47,90.98,5.77,77.36,100,3.81,65.71,0,0,0,0,0,0,0.33,33.33,0,0,0,0,0,0,2.29,57.14,,,,0,0,0
Yazan Naim,Al Ahli,Al Ahli,GK,28,250000,8,817,0.66,50,left,183,1.54,0.44,25,0.22,100,0,0,1.43,2.1,0,0,0,0,0,0,0,0,0,0,0,0,0,0,0,0,0,0,0,13,0.11,0,18.51,87.5,10.13,79.35,95.45,6.39,72.41,0,0,0,0,0,0,0.33,0,0,0,0,0,0,0,5.18,65.96,,,,0,0,0
Cristo González,Umm Salal,Umm Salal,"CF, LW, RW",28,6000000,10,811,15.98,38.89,right,178,3.88,2.11,63.16,1,33.33,0.22,0,2.33,2.97,0.22,2.22,0.22,0.22,0.22,0,2,38.89,11.111,0.11,1.22,18.18,3.33,36.67,10.76,36.08,2.22,1.55,0.44,16.54,1.22,1.66,24.3,75.34,6.88,66.13,80,2.55,65.22,0.08,0.89,0,0,0.11,0.33,3.55,68.75,2.22,45,0,0,0.67,0.44,4.44,65,0.11,0,0,0,0,0
S. Fallou Diouf,Qatar SC,Qatar SC,"RCB, DMF",18,0,9,810,14.33,58.91,unknown,0,10.11,5.67,66.67,4.33,58.97,0.33,0.33,6,9,1.56,0,0,0,0.02,0,0.22,0,0,0,0.11,0,0.11,0,2,38.89,0.33,0.56,0,18.56,0.11,1.67,35,73.97,15.89,58.74,80.72,7.22,49.23,0,0.22,0.11,0.11,0,0,6.44,50,0.56,20,0.33,0,0.33,0,8.78,60.76,0,0,0,0,0,0
Pablo Sarabia,Al Arabi,Al Arabi,"AMF, CF, LCMF",33,10000000,10,809,14.68,39.39,left,174,3.23,3.67,42.42,2.45,9.09,0.11,0.11,1.56,2.44,2.11,3.45,0.44,0.33,0.45,0,2.45,50,18.182,0.22,3,37.04,2.11,52.63,6.23,50,4.34,1.22,0.11,27.37,2.11,1.56,31.48,79.51,7.79,75.71,85.37,1.22,54.55,0.33,1.89,0,0,0,0.78,4.56,73.17,2.56,43.48,0.22,50,0.67,1,5.01,75.56,0.56,0,0,3.56,1,100
R. Berkane,Al Wakrah,Al Wakrah,CF,22,0,10,809,18.91,31.76,unknown,0,3.89,3.45,45.16,4.89,43.18,0.44,0.22,1.89,3.11,2,1.67,0.56,0.56,0.5,0.22,2.56,43.48,21.739,0.11,0,0,1.33,41.67,7.34,21.21,3.78,0.44,0.11,9.79,1.67,0.89,14.91,80.6,3.11,75,81.54,0.44,50,0.03,0.44,0.11,0,0,0.33,2.22,75,0.67,50,0.11,0,0.89,0,1.22,72.73,0,0,0,0,1,0
M. Verratti,Al Duhail,Al Duhail,"LDMF, LCMF, RDMF",33,18000000,8,806,19.21,68.02,right,165,9.27,7.03,77.78,0.78,57.14,1.56,0.22,2.23,3.92,0.89,2.23,0,0,0.05,0,0.67,0,0,0.33,1.34,58.33,1.56,71.43,9.94,62.92,1.79,1.56,0.33,46.12,0.33,3.46,63.54,86.82,23.45,76.19,90.38,6.59,62.71,0.19,1.23,0,0.11,0.56,1,10.5,73.4,4.35,61.54,1.67,53.33,2.57,0.56,10.5,84.04,0.22,0.11,0,0,0,0
M. Termanini,Al Shamal,Al Shamal,"RCB, LCB",27,350000,10,806,8.6,58.44,right,185,7.48,4.47,67.5,2.12,36.84,0.67,0.22,3.8,5.83,1,0,0,0,0,0,0,0,0,0,0,0,0,0,0.56,40,0.11,0.89,0,31.6,0.33,0.22,43.77,86.48,17.08,71.24,92.1,7.03,57.14,0,0,0,0,0,0,4.13,64.86,0.11,0,0.33,33.33,0,0,8.04,62.5,0,0,0,0,0,0
Álex Collado,Al Shamal,Al Shamal,"RAMF, AMF, RCMF",26,2300000,10,804,18.02,47.2,left,177,4.81,4.81,62.79,0.9,12.5,0,0.11,1.79,2.77,0.9,4.37,0.22,0.22,0.12,0,2.35,38.1,9.524,0.22,2.13,47.37,4.59,53.66,10.97,42.86,1.57,3.92,0.11,26.64,1.01,1.57,33.47,84.62,10.63,69.47,89.49,2.57,60.87,0.14,1.57,0.11,0.11,0.11,0.45,5.04,71.11,3.02,48.15,0.56,20,1.01,0.78,4.48,80,1.34,0.11,0,2.91,0,0
A. Gunnarsson,Al Gharafa,Al Gharafa,"DMF, LCMF, RDMF",36,300000,10,798,9.36,56.63,right,177,5.41,4.62,51.22,1.35,66.67,0.23,0.23,2.82,4.19,1.13,0.34,0.11,0.11,0.02,0,0.23,100,50,0,0,0,0.23,50,1.69,46.67,0.23,0.68,0,24.47,0.23,0.79,33.83,89.33,12.29,81.65,93.8,4.74,61.9,0.01,0.23,0,0,0,0,5.08,68.89,1.13,40,0.45,75,0.56,0,5.75,88.24,0,0,0,0,0,0
A. Assal,Al Wakrah,Al Wakrah,"RAMF, LAMF, LW",23,600000,10,796,18.66,41.82,right,162,4.75,5.88,61.54,1.13,0,0,0,1.13,1.95,1.36,3.17,0.11,0.11,0.25,0,1.81,37.5,6.25,0,1.7,33.33,4.07,47.22,9.27,32.93,3.39,2.37,0.23,13.45,1.24,1.02,15.83,83.57,2.49,59.09,90.32,0.11,0,0.09,1.02,0.11,0,0,0.45,1.02,55.56,1.36,33.33,0,0,0.9,0.57,1.58,78.57,0,0,0,0.34,0,0
M. Omar,Al Shamal,Al Shamal,"RAMF, RW, LAMF",21,0,9,793,16.23,50.35,both,164,5.67,4.77,76.19,1.13,60,0.57,0.11,1.48,2.09,0.45,3.63,0.34,0.34,0.25,0,1.7,53.33,20,0.57,1.82,37.5,3.63,56.25,8.06,42.25,3.18,2.5,0,15.09,2.38,1.02,19.86,76,4.09,66.67,82.12,1.02,33.33,0.24,1.36,0,0.11,0.11,1.25,1.7,66.67,3.06,51.85,0.34,66.67,1.82,0.57,2.95,76.92,0,0,0,0.11,0,0
O. Ebrahimi,Al Shamal,Al Shamal,"RDMF, DMF, LDMF",38,150000,10,783,11.03,50,right,178,7.47,5.98,57.69,1.72,46.67,0.57,0.46,3.45,4.97,1.26,0.23,0.11,0,0.12,0,0.57,20,20,0,0.11,0,0.11,100,1.15,70,0.57,0.8,0,32.99,0,0.46,46.67,88.67,13.1,76.32,91.04,5.52,72.92,0.02,0.69,0,0.11,0,0.11,7.36,79.69,0.92,37.5,0,0,0.23,0,5.63,71.43,0,0,0,0.11,1,100
Abdulrahman Mohamed,Al Sailiya,Al Sailiya,"LDMF, AMF, RDMF",22,0,9,781,19.94,45.66,right,173,10.72,9.91,56.98,1.38,41.67,1.27,0.58,3.8,4.42,2.19,1.04,0,0,0.03,0,0.81,14.29,0,0,0.35,33.33,1.5,53.85,6.68,37.93,0.46,0.69,0,12.56,0.35,1.61,22.36,73.2,8.87,64.94,80.25,3.92,44.12,0.04,0.58,0,0,0.12,0.23,5.07,61.36,0.81,42.86,0.58,20,0.35,0.12,5.19,66.67,0,0,0,0,0,0
B. Burke,Al Duhail,Al Duhail,GK,23,0,8,780,0.58,60,unknown,185,1.62,0.23,0,0.23,100,0,0,1.62,2.75,0,0,0,0,0,0,0,0,0,0,0,0,0,0,0.12,100,0,0,0,14.65,0.69,0.12,19.62,84.71,9,75.64,95.45,6.81,66.1,0,0,0,0,0,0,0.58,40,0,0,0,0,0,0,4.85,54.76,,,,0,0,0
A. Laďdouni,Al Wakrah,Al Wakrah,"LDMF, AMF, RCMF",28,6000000,8,775,14.63,56.35,right,184,6.04,3.95,55.88,2.44,38.1,0.46,0.35,3.37,5.54,1.74,2.9,0,0,0.11,0,0.81,28.57,0,0.12,1.86,56.25,1.86,81.25,6.62,66.67,1.28,2.09,0,28.68,1.05,2.44,40.06,83.19,14.52,80,86.96,3.72,62.5,0.13,1.16,0.23,0,0.23,0.93,7.55,76.92,3.48,66.67,0.7,66.67,1.86,0.7,8.01,88.41,0,0,0,0,0,0
Eisa Ahmed,Qatar SC,Qatar SC,LB,26,275000,8,772,12.24,58.1,left,177,7.46,6.06,63.46,1.87,62.5,0.12,0.12,3.5,5.23,1.28,1.28,0,0,0,0,0.35,33.33,0,0.12,2.1,33.33,0.82,57.14,2.91,44,0,1.4,0.12,20.75,1.28,0.93,31.48,75.56,15.51,75.19,84.21,5.01,51.16,0.07,0.58,0,0,0,0.35,5.71,65.31,2.1,38.89,0,0,0.12,0.7,8.16,72.86,0.12,0,0,0,0,0
Y. Ballan Al Raeesi,Al Shahaniya,Al Shahaniya,"RB, LB",28,0,8,770,12.16,60.58,right,172,8.88,7.6,64.62,0.82,28.57,0.47,0.23,3.51,4.48,0.82,0.58,0,0,0,0,0,0,0,0,1.29,27.27,0.47,50,2.69,47.83,0,0.35,0.12,21.04,1.17,1.52,30.16,71.71,15.19,60,80.3,5.73,46.94,0.01,0.23,0,0,0,0,3.97,41.18,1.4,66.67,0.47,25,0.58,0.35,7.71,51.52,0,0,0,0,0,0
Musab Khoder,Al Shamal,Al Shamal,"RB, RAMF",32,250000,10,768,11.13,60,right,166,8.91,6.21,66.04,1.76,60,0.47,0.12,4.34,6.03,0.59,1.41,0,0,0.02,0,0.12,0,0,0,1.52,46.15,1.52,46.15,2.46,42.86,1.05,0.47,0,17.34,1.41,0.59,26.72,81.58,6.91,69.49,84.97,2.93,68,0.06,0.23,0,0,0,0.12,1.88,62.5,1.29,45.45,0,0,0.23,0.47,4.45,65.79,0,0,0,0,0,0
Dame Traoré,Al Gharafa,Al Gharafa,"LCB, RCB",39,75000,9,750,5.28,61.36,right,188,4.44,2.52,61.9,1.08,55.56,0.12,0.48,2.76,4.29,0.48,0.24,0.12,0.12,0.02,0.12,0.24,50,50,0,0.12,100,0,0,0.36,33.33,0.6,0.24,0,24.84,0.72,0.12,32.76,90.48,13.56,85.84,94.67,3.36,53.57,0,0,0,0,0,0,2.4,60,0.12,100,0.12,0,0,0.12,4.68,69.23,0,0,0,0,0,0
Giovani,Al Sadd,Al Sadd,"RAMF, RW",21,8000000,9,747,15.54,47.29,left,184,3.61,4.94,43.9,0.24,0,0,0.12,1.45,2.57,1.93,6.87,0.48,0.48,0.4,0,3.01,56,16,0.12,2.89,33.33,6.14,68.63,9.28,53.25,4.94,3.61,0.48,19.04,2.89,0.84,23.98,74.37,4.1,76.47,80.7,0.48,50,0.07,1.08,0,0,0.12,0.72,0.36,33.33,3.73,45.16,0.24,0,1.57,0.96,2.77,86.96,0,0,0,0.48,0,0
Ahmed Al Ganehi,Al Gharafa,Al Gharafa,"RW, RAMF, RWF",25,450000,8,737,14.9,42.62,right,178,6.23,4.27,65.71,0.98,37.5,0.12,0,3.3,4.94,0.37,2.2,0.24,0.24,0.27,0,1.83,46.67,13.333,0,1.59,30.77,2.2,38.89,8.43,30.43,2.2,1.83,0.37,22.84,1.95,1.47,29.55,83.06,5.86,70.83,86.32,2.2,77.78,0.02,0.49,0,0,0.12,0.12,2.44,70,1.83,33.33,0.12,0,0.49,0.61,2.93,70.83,0,0,0,0,0,0
Ahmed Al Minhali,Al Rayyan,Al Rayyan,LB,26,0,10,736,15.9,50,,0,6.85,7.09,58.62,1.59,46.15,0.49,0.12,2.2,3.55,1.83,1.1,0,0,0.01,0,0.24,0,0,0,2.57,14.29,1.35,54.55,4.89,35,0.49,2.08,0.12,23.23,3.42,2.08,31.43,71.98,12.6,61.17,79.28,1.83,40,0,0.12,0,0,0.24,0,3.79,45.16,3.55,31.03,0.49,25,0.86,0.37,6.6,59.26,0,0,0,0,0,0
M. Benyettou,Al Sailiya,Al Sailiya,CF,36,0,10,734,17.41,40.85,right,186,2.57,1.59,69.23,6.25,43.14,0,0.12,1.47,1.69,0.61,1.96,0.12,0.12,0.26,0,1.84,33.33,6.667,0.12,1.1,22.22,1.59,61.54,6.5,33.96,2.7,1.47,0.12,10.67,2.21,1.35,14.71,73.33,3.07,60,78.85,0.98,62.5,0.04,0.25,0,0,0.12,0.37,1.84,73.33,0.86,28.57,0.25,50,0.49,0.37,1.59,69.23,0.12,0.12,0,0,1,0
Roberto Firmino,Al Sadd,Al Sadd,"CF, AMF",34,8000000,9,730,12.82,44.23,right,181,3.7,3.82,51.61,2.71,31.82,0.25,0,1.48,2.45,1.11,2.96,0.74,0.74,0.48,0.25,2.71,50,27.273,0.12,0.74,16.67,1.48,83.33,4.81,51.28,4.81,1.73,0.12,21.7,1.97,0.25,27,84.02,8.51,82.61,87.25,1.23,50,0.19,1.23,0.12,0,0.37,0.74,2.71,77.27,2.22,66.67,0.74,50,1.85,0.12,4.07,84.85,0,0,0,0,0,0
A. Boulbina,Al Duhail,Al Duhail,"LAMF, LW, RAMF",22,0,10,725,17.63,46.48,right,0,3.23,4.59,45.95,0.74,33.33,0,0,1.12,1.91,1.37,6.08,0.25,0.12,0.49,0,3.48,39.29,7.143,0.5,3.35,40.74,5.21,64.29,10.8,50.57,4.97,3.85,0.12,24.58,3.23,1.37,31.41,79.05,4.22,70.59,84.65,3.1,72,0.2,1.49,0.12,0.25,0,0.87,2.11,82.35,2.73,50,0.12,100,1.37,1.37,3.97,78.13,0.12,0.12,0,0.62,2,50
Abdulrahman Fayez Al Rashidi,Umm Salal,Umm Salal,"RB, LB",31,200000,8,706,18.23,49.65,right,177,10.45,8.41,59.09,2.55,30,0.13,0.51,5.35,6.85,1.27,0.38,0,0,0,0,0,0,0,0,0.38,33.33,0.51,50,4.72,43.24,0.25,0.76,0.25,12.62,0.38,1.91,21.03,83.03,9.05,70.42,87.76,1.91,46.67,0.04,0.25,0,0,0.13,0,2.68,66.67,0.64,40,0,0,0,0.13,4.46,65.71,0,0,0,0,0,0
J. Murillo,Al Shamal,Al Shamal,LCB,33,800000,7,706,8.54,71.64,right,182,7.01,4.08,65.63,2.68,80.95,0.51,0.38,3.82,5.23,0.76,0.25,0,0,0.1,0,0.51,25,0,0,0,0,0.13,100,0.64,80,0.51,0.25,0,29.07,0.64,0.51,38.63,84.49,15.93,72.8,92.05,8.16,56.25,0,0,0,0,0,0,6.12,60.42,0.25,50,0.38,33.33,0.13,0,9.43,74.32,0,0,0,0,0,0
Edmílson Junior,Al Duhail,Al Duhail,"RAMF, LAMF, RW",31,2000000,9,703,13.57,49.06,right,182,3.71,3.71,62.07,0.64,40,0.26,0,1.15,2.05,1.28,4.86,0.26,0.26,0.21,0,1.66,30.77,15.385,0,5.12,35,4.74,54.05,8.58,41.79,2.69,1.79,0,32.52,5.38,1.02,39.43,83.12,6.91,81.48,92.06,2.18,64.71,0.34,2.56,0,0,0,1.15,2.56,70,3.97,48.39,0.13,0,1.28,1.79,4.48,91.43,0.26,0,0,2.18,1,0
Luis Alberto,Al Duhail,Al Duhail,"AMF, CF",33,11000000,8,701,10.01,46.15,right,183,2.18,2.7,47.62,0.77,33.33,0.26,0,0.64,1.08,0.13,2.18,0.64,0.64,0.26,0,3.08,37.5,20.833,0,2.05,18.75,1.03,50,5.01,48.72,4.49,3.98,0.64,37.87,1.41,1.16,44.68,82.18,17.46,78.68,86.64,3.21,68,0.3,1.93,0.39,0.26,0.39,0.77,8.73,75,5.14,57.5,1.03,50,3.08,0.39,9.37,86.3,0.39,0.13,0,2.57,0,0
Jang Hyun-Soo,Al Gharafa,Al Gharafa,"RCB, CB, LCB",34,650000,9,694,5.06,58.97,right,187,5.97,2.07,56.25,1.69,61.54,0.13,0.39,4.67,6.75,0.78,0,0,0,0,0,0,0,0,0,0.13,0,0,0,0.52,75,0.13,0.13,0,37.22,0,0.52,49.54,89.79,17.12,78.03,95.68,7.39,57.89,0,0,0,0,0,0,4.15,59.38,0.26,0,0.13,0,0,0,7,62.96,0,0,0,0,0,0
D. Diakité,Al Shahaniya,Al Shahaniya,LB,21,0,8,691,16.15,48.39,,182,8.73,7.55,53.45,1.43,45.45,0.39,0.39,4.3,5.5,1.04,2.21,0,0,0,0,0,0,0,0,2.08,50,1.56,75,6.12,44.68,0,1.56,0.13,21.62,0.91,0.78,35.3,74.17,17.45,66.42,80.09,5.08,51.28,0.02,0.52,0,0,0,0.26,4.56,51.43,2.6,45,0.13,100,0.39,0.91,8.08,59.68,0,0,0,0,0,0
M. Olunga,Al Arabi,Al Arabi,CF,31,9000000,8,690,11.61,38.2,left,193,1.96,2.09,56.25,4.17,37.5,0,0.13,0.78,1.26,1.7,2.09,0.78,0.78,0.3,0.39,2.61,55,30,0,0.26,0,1.17,55.56,2.74,38.1,4.83,1.04,0.13,10.43,1.43,0.26,13.04,74,1.04,25,76.92,0.91,57.14,0.06,0.52,0,0,0,0.13,0.78,50,0.26,50,0,0,0.52,0.13,1.04,25,0,0,0,0,0,0
Gregore,Al Rayyan,Al Rayyan,"RDMF, DMF",31,2500000,8,680,20.51,53.55,right,181,9.4,9.26,51.43,4.5,52.94,0.4,0.26,4.24,7.33,2.51,0.66,0,0,0.07,0,0.26,50,0,0,0.13,0,0.53,100,4.1,54.84,0.93,1.46,0.13,35.6,0.26,1.19,50.56,89.01,18.26,80.43,91.83,3.44,53.85,0.03,0.53,0,0,0,0,7.54,75.44,1.19,55.56,0.26,100,0.53,0,9.13,81.16,0,0,0,0,0,0
J. Kouassi,Umm Salal,Umm Salal,"LAMF, LW",31,900000,9,678,15.13,29.82,right,180,3.19,2.12,31.25,3.45,30.77,0,0,2.52,3.02,1.33,1.86,0.27,0.27,0.13,0,1.06,75,25,0,0.8,16.67,2.92,31.82,8.1,27.87,2.39,2.92,0.4,12.08,1.99,1.86,18.45,76.26,4.91,56.76,81.89,0.8,16.67,0.03,0.4,0.27,0,0,0.13,1.86,78.57,1.86,57.14,0,0,1.19,0.13,3.32,72,0,0,0,0,0,0
David García,Al Rayyan,Al Rayyan,"LCB, CB",31,10000000,9,673,8.29,62.9,right,186,6.15,2.81,71.43,4.28,56.25,0.4,0.53,3.74,5.32,0.8,0.4,0,0,0.02,0,0.27,0,0,0.13,0.27,100,0.13,100,0.13,100,0.67,0.4,0,23.4,0.27,0.27,35.71,89.51,16.18,80.99,94.04,4.01,53.33,0.04,0.13,0,0,0,0.27,5.22,76.92,0.4,66.67,0.27,50,0.27,0.27,6.29,76.6,0,0,0,0,0,0
R. Danzabe,Qatar SC,Qatar SC,"CF, DMF, RCMF",21,0,10,673,16.45,36.59,,0,4.95,6.82,43.14,1.6,25,0.13,0.13,1.87,2.75,2.81,1.07,0,0,0.06,0,0.4,33.33,0,0.13,1.74,23.08,0.94,42.86,5.88,31.82,0.67,0.53,0,17.92,0.8,0.94,29.96,74.55,9.09,58.82,83.78,3.61,33.33,0.02,0.4,0,0,0.13,0.13,4.15,54.84,2.14,31.25,0.27,50,0.4,0.53,3.74,60.71,0,0,0,0,0,0
M. Mitrovi?,Al Ahli,Al Ahli,"LCB, CB",32,800000,8,670,5.24,76.92,right,187,7.39,2.28,82.35,1.48,72.73,0.27,0.67,5.24,7.13,0,0,0,0,0.04,0,0.13,0,0,0,0,0,0,0,0.4,33.33,0.13,1.61,0,42.18,0.54,0.27,54,89.3,20.01,79.19,94.54,4.84,36.11,0,0,0.13,0,0,0,3.22,58.33,0.27,0,0.81,0,0,0,7.79,63.79,0,0,0,0,0,0
Moameen Mutasem,Al Shahaniya,Al Shahaniya,"RCMF, LDMF",23,150000,10,669,11.43,49.41,right,0,8.34,5.38,67.5,2.15,56.25,0,0.27,4.71,6.21,1.21,0.13,0,0,0,0,0.13,0,0,0.13,0,0,0.27,50,2.29,17.65,0.94,0.27,0,11.57,0.27,0.13,19.64,78.77,5.52,63.41,81.68,2.02,53.33,0.03,0.27,0,0,0,0.13,1.48,81.82,0.27,50,0,0,0.27,0,2.69,50,0,0,0,0,0,0
Hilal Mohammed,Al Ahli,Al Ahli,LB,32,350000,7,664,11.39,52.38,left,167,9.08,6.23,56.52,1.63,50,1.22,0.14,4.34,5.96,1.22,0.54,0,0,0.01,0,0.27,50,0,0,0.54,25,0.41,66.67,2.44,38.89,0.27,0.27,0,26.02,1.49,0.95,33.07,80.33,14.23,64.76,86.82,2.71,20,0.01,0.27,0,0,0,0,4.2,58.06,0.95,42.86,0.54,0,0.27,0.14,6.37,57.45,0,0,0,0,0,0
Paulo Otávio,Al Sadd,Al Sadd,"LB, LWB",31,3300000,7,664,14.37,52.83,left,173,7.86,6.91,60.78,0.81,33.33,0.14,0.14,3.52,5.42,1.76,3.12,0,0,0.02,0,0.54,50,0,0.14,5.02,32.43,2.58,42.11,5.02,51.35,1.9,1.49,0.14,25.89,2.44,1.08,34.97,75.58,12.33,69.23,88.44,3.25,33.33,0.05,0.27,0.14,0.14,0.14,0.41,4.07,63.33,4.34,34.38,0.27,50,0.95,1.08,5.42,70,0.14,0.14,0,0,0,0
M. Al Mannai,Al Shamal,Al Shamal,"LDMF, AMF, LCMF",22,0,8,663,15.61,41.74,right,189,7.6,6.52,50,3.94,27.59,1.36,0.14,2.99,4.65,2.58,1.63,0.68,0.68,0.29,0,1.49,72.73,45.455,0,0.14,0,1.09,37.5,2.71,40,1.49,0.27,0,15.2,0.68,1.09,21.99,76.54,7.47,58.18,80.69,2.17,43.75,0.03,0.54,0,0,0.27,0.14,3.94,55.17,1.22,44.44,0.41,33.33,0.27,0,2.04,66.67,0,0,0,0,0,0
S. Sano,Al Gharafa,Al Gharafa,"LCB, RB, RCB",21,0,8,655,9.76,56.34,left,194,8.79,3.85,64.29,2.34,64.71,0.82,0.41,5.5,7.89,0.96,0.69,0.55,0.55,0.12,0.27,0.82,66.67,66.667,0,0.55,0,0.14,100,1.92,35.71,0.82,0.41,0.14,23.08,0.96,0.55,35.18,81.25,14.29,70.19,93.09,8.93,50.77,0.05,0.41,0,0,0,0.14,4.67,58.82,0.82,33.33,0.14,0,0.55,0,7.56,70.91,0,0,0,0,0,0
D. Fettouhi,Al Ahli,Al Ahli,"RDMF, RCMF, LCMF",36,200000,10,647,13.35,61.46,left,185,6.82,5.15,67.57,2.64,63.16,0.42,0,2.92,4.77,0.97,1.67,0.14,0.14,0.09,0,2.23,25,6.25,0,0.83,66.67,0.97,57.14,4.73,50,0.7,0.97,0.14,46.32,0.7,1.67,58.7,87.44,18.5,73.68,91.76,7.51,61.11,0.09,0.83,0,0,0.28,0.14,9.6,71.01,1.53,45.45,0.97,0,0.42,0.56,8.35,81.67,0.97,0.42,0,2.5,0,0
Khaled Ali Sabah,Al Sailiya,Al Sailiya,"RAMF, RW, CF",24,150000,9,641,15.87,43.36,left,0,4.77,4.21,63.33,0.56,0,0.28,0,1.83,2.18,0.56,4.07,0.7,0.7,0.27,0.14,1.4,70,50,0,0.98,42.86,4.07,55.17,9.41,40.3,2.11,1.54,0,15.44,2.53,1.83,17.55,81.6,5.05,63.89,87.5,0.84,16.67,0.05,1.12,0,0,0.7,0.42,2.39,58.82,2.25,68.75,0.84,50,1.26,0.42,2.39,88.24,0.28,0,0,0.28,0,0
Moaz Elwadia,Al Shahaniya,Al Shahaniya,"LW, LAMF, RAMF",21,0,10,638,18.76,39.85,unknown,0,6.07,6.35,57.78,0.99,14.29,0,0.14,2.4,3.27,0.99,2.82,0,0,0.05,0,0.85,33.33,0,0,2.26,12.5,3.39,66.67,9.87,34.29,2.12,2.12,0,19.61,2.4,0.85,28.64,78.33,7.05,60,86.36,1.69,50,0.18,0.85,0,0,0.14,0.56,2.82,70,2.4,23.53,0.28,0,0.85,0.28,3.39,75,0,0,0,0,0,0
Álvaro Sanz,Al Shahaniya,Al Shahaniya,"LCMF, RCMF, RDMF",24,800000,10,638,11.85,61.9,right,170,6.77,4.8,79.41,1.27,22.22,0.28,0,2.68,3.68,0.56,1.27,0,0,0,0,0.28,0,0,0,0.71,20,1.41,80,4.51,59.38,0.85,1.41,0.56,25.67,0,1.69,36.68,86.92,11.29,75,89.26,1.83,69.23,0.11,1.13,0,0,0,0.28,6.49,89.13,1.83,46.15,0.28,50,1.13,0.14,6.63,70.21,1.55,0.14,0,2.12,0,0
B. Bourigeaud,Al Duhail,Al Duhail,"RDMF, AMF, RCMF",31,18000000,9,627,8.47,37.29,right,178,5.31,3.88,51.85,1.72,25,0,0,3.3,6.22,0.72,2.15,0.14,0,0.39,0,2.58,33.33,5.556,0.14,2.15,60,0.14,0,2.01,28.57,2.3,0.86,0.14,42.63,1.29,0.29,52.68,83.92,16.51,69.57,87.33,7.46,71.15,0.18,1.87,0.14,0,0,0.43,9.76,72.06,3.44,50,0.14,0,0.43,1.29,9.76,88.24,1.58,0,0,2.87,2,50
A. Tahif,Umm Salal,Umm Salal,"RCB, LCB",24,750000,6,621,5.36,62.16,right,181,7.25,2.32,50,2.17,73.33,0,1.74,6.09,6.77,0.14,0.29,0,0,0.03,0,0.58,50,0,0.14,0,0,0.14,0,0.43,66.67,0.58,0.29,0,11.16,0,0.43,21.01,81.38,8.41,68.97,85.27,2.32,50,0.01,0.29,0,0,0,0.14,1.74,66.67,0,0,0,0,0.14,0,4.64,46.88,0,0,0,0,0,0
M. Taabouni,Al Sailiya,Al Sailiya,"CF, LAMF, LW",23,650000,9,621,15.07,42.31,right,178,3.48,2.46,70.59,0.72,0,0,0,1.74,1.87,0.72,3.62,0,0,0.19,0,2.46,29.41,0,0.14,2.17,26.67,4.49,51.61,10.87,41.33,2.61,2.61,0.29,16.52,1.45,1.16,21.88,76.82,5.8,62.5,85.12,2.32,62.5,0.17,0.87,0.14,0,0.29,0.43,2.75,57.89,2.32,56.25,1.16,37.5,1.3,0.72,3.77,80.77,0.72,0.14,0,1.01,0,0
Lucas Mendes,Al Wakrah,Al Wakrah,LCB,35,500000,6,616,8.33,70.18,left,184,5.41,2.19,80,3.94,74.07,0.15,0,3.51,6.55,0.44,0.29,0,0,0.07,0,0.58,25,0,0,0.88,16.67,0,0,0.88,50,1.02,1.61,0,23.38,0.44,0.15,39.3,85.87,19.43,79.7,94.17,5.84,50,0,0,0,0,0,0,5.84,70,1.02,42.86,0.73,40,0.29,0.29,7.89,79.63,0,0,0,0,0,0
Akram Tawfik,Al Shamal,Al Shamal,"LDMF, RDMF, RCMF",28,800000,10,615,18.29,58.4,right,183,9.51,8.63,62.71,1.9,53.85,0.44,0.29,3.66,5.24,1.46,1.32,0,0,0.04,0,0.59,50,0,0.15,0.44,33.33,1.32,66.67,5.56,57.89,0.44,1.76,0,18.88,0.29,1.46,32.05,85.84,10.39,78.87,87.32,1.76,66.67,0.06,0.73,0,0.15,0.15,0.29,5.41,78.38,0.59,50,0.15,100,0.29,0.15,4.98,82.35,0,0,0,0,0,0
Pedro Miguel,Al Sadd,Al Sadd,"RCB, RB",35,225000,7,610,12.84,63.22,right,182,7.67,6.34,67.44,3.54,58.33,0.15,0,3.25,4.93,1.77,0.89,0.15,0.15,0.16,0,0.89,50,16.667,0.15,1.18,12.5,0.3,100,1.92,61.54,1.48,1.18,0,25.23,1.18,1.03,38.07,84.11,14.02,81.05,90.75,3.39,43.48,0.1,0.3,0,0,0.15,0.15,4.57,64.52,1.03,28.57,0.59,25,0.44,0.44,6.2,64.29,0,0,0,0,0,0
L. Kalvach,Qatar SC,Qatar SC,"DMF, RDMF, LCMF",30,2300000,6,606,11.29,60.53,right,183,9.21,5.79,76.92,2.08,21.43,0.74,0.59,4.01,5.63,0.59,1.49,0.15,0.15,0.04,0,0.59,50,25,0.15,0.74,100,0.74,60,2.23,53.33,0.59,0.45,0,17.67,0.45,0.59,29.26,86.29,9.95,71.64,90.96,4.01,55.56,0.04,0.3,0.15,0,0,0.3,4.9,78.79,0.59,75,0,0,0.15,0.3,5.94,75,0,0,0,0.59,0,0
I. Dayo,Umm Salal,Umm Salal,"RCB, CB, LCB",34,800000,7,606,5.94,50,right,187,7.57,3.71,40,1.78,66.67,0,0.89,6.09,8.2,0.89,0.15,0,0,0.01,0,0.15,100,0,0,0,0,0.15,0,0.3,50,0,0.3,0,13.81,0,0,26.73,80.56,14.26,69.79,87.58,4.01,40.74,0.01,0.15,0,0,0,0,2.97,35,0.3,0,0.15,0,0,0,5.05,55.88,0,0,0,0,0,0
Simo,Al Arabi,Al Arabi,RCB,20,0,7,603,9.85,56.06,right,183,7.91,3.88,65.38,2.39,62.5,0.3,1.19,5.07,8.36,1.19,0.9,0.15,0.15,0.25,0.15,1.34,33.33,11.111,0,0.15,100,0.6,25,1.94,46.15,1.94,0.9,0,28.06,0.45,0.45,42.09,89.36,18.36,83.74,93.63,4.48,53.33,0.01,0.3,0,0,0.15,0,4.78,75,0,0,0.3,0,0.3,0.15,7.31,71.43,0,0,0,0,0,0
Yousef Hassan,Al Arabi,Al Arabi,GK,29,250000,6,601,0.9,83.33,right,186,1.35,0,0,0.15,100,0,0,1.35,2.2,0,0.15,0,0,0,0,0,0,0,0.15,0,0,0.15,100,0.45,100,0,0,0,8.09,0.15,0.3,12.73,87.06,6.74,75.56,96.97,2.85,52.63,0,0,0,0,0,0.15,0.3,50,0,0,0,0,0,0,2.85,47.37,,,,0,0,0
Ahmed Mawla,Al Ahli,Al Ahli,"RB, RW",22,25000,7,601,16.17,58.33,right,0,8.24,8.39,60.71,1.5,70,0.9,0,2.25,3.33,0.9,0.75,0,0,0,0,0,0,0,0,1.5,20,0.9,50,4.34,51.72,0.75,0.75,0,24.11,3.59,1.8,31.15,80.77,8.69,70.69,87.36,2.55,47.06,0.05,0.3,0,0,0,0.45,2.55,64.71,1.2,37.5,0.45,33.33,0.3,0.3,4.79,59.38,0,0,0,0,0,0
Gerard Valentín,Al Wakrah,Al Wakrah,"RAMF, RW",32,800000,8,601,18.87,51.59,right,177,5.39,5.24,68.57,1.2,25,0.15,0,1.65,2.5,1.35,3.74,0,0,0.02,0,0.45,0,0,0.3,3,30,5.24,51.43,9.88,50,2.7,3,0.75,13.18,1.8,1.05,20.52,69.34,6.59,68.18,77.98,1.5,50,0.06,0.45,0,0,0.15,0.45,2.4,75,2.4,50,0.15,100,1.05,0.6,3.74,64,0,0,0,0,0,0
Wesley,Al Rayyan,Al Rayyan,"LAMF, LW, LCMF",26,5500000,7,598,17.46,44.83,right,175,3.01,2.56,58.82,1.81,75,0.3,0.15,1.2,1.82,1.05,4.52,0.15,0.15,0.32,0,3.01,35,5,0.3,1.96,61.54,4.21,53.57,11.29,37.33,4.06,3.91,0.6,17.61,1.35,1.35,21.97,82.19,5.12,64.71,85.04,1.2,62.5,0.3,1.51,0.15,0.3,0.3,0.9,2.71,66.67,2.71,72.22,0.15,0,1.51,1.05,3.01,85,0,0,0,0,0,0
Khaled Waleed,Umm Salal,Umm Salal,"RAMF, LCMF, RCMF",25,175000,7,593,11.99,43.04,right,0,7.44,6.98,56.52,1.52,20,0,0.46,3.49,3.9,0.61,0.76,0,0,0.11,0,0.76,20,0,0,0.76,60,0.61,25,2.88,15.79,0.76,0.46,0.15,15.03,0.91,0.3,21.25,75.71,6.98,63.04,79.66,2.58,52.94,0.01,0.15,0,0,0,0,1.67,63.64,0.91,50,0,0,0.15,0.61,3.19,52.38,0,0,0,0,0,0
Musab Al-Battat,Qatar SC,Qatar SC,"RB, LB",32,0,7,590,13.73,62.22,right,168,10.53,9.46,66.13,1.83,75,0,0.15,4.27,6.27,1.37,1.53,0,0,0.01,0,0.31,50,0,0,2.75,38.89,1.22,25,1.53,30,0.15,0.76,0.15,19.68,0.92,0.46,30.51,74.5,14.8,65.98,84,5.19,47.06,0.01,0.31,0,0,0,0.15,5.19,61.76,2.44,43.75,0.46,66.67,0.46,0.92,8.24,74.07,0,0,0,0,0,0
Abdalla Yousif,Al Rayyan,Al Rayyan,RB,23,0,7,588,13.32,50.57,right,0,7.65,6.73,59.09,2.76,38.89,0.61,0.15,3.06,4.8,0.92,1.68,0,0,0.02,0,0.15,0,0,0,3.06,25,1.07,85.71,2.45,56.25,0.77,0.92,0,21.89,1.84,0.61,29.39,77.08,9.03,67.8,86.79,1.99,38.46,0.07,0.46,0,0,0.15,0.31,3.21,52.38,2.45,31.25,0.15,0,0.15,0.77,4.59,73.33,0,0,0,0,0,0
N. Sliti,Al Shamal,Al Shamal,"LAMF, LW",33,4200000,7,586,16.13,42.86,right,173,4.91,4.3,64.29,1.23,37.5,0,0,2.15,3.13,0.77,3.84,0,0,0.1,0,1.23,37.5,0,0.15,2.15,50,4.45,48.28,9.68,34.92,3.07,3.38,0.31,23.34,2.15,1.08,33.33,76.5,8.29,59.26,80.95,2.46,37.5,0.21,2.61,0.15,0,0.15,0.77,4.45,55.17,2.76,77.78,0.15,100,1.69,1.08,5.99,89.74,0.77,0.15,0,2.92,0,0
Ahmed Alaa,Al Rayyan,Al Rayyan,CF,32,500000,10,585,14.15,33.7,right,177,3.23,2.92,42.11,3.23,42.86,0.15,0,1.85,3.3,1.85,2,0.46,0.46,0.25,0.15,1.23,50,37.5,0.31,0.77,60,0.92,83.33,6.15,30,2.77,0.62,0.15,8,1.08,0.77,12,74.36,1.38,77.78,76.06,0.31,50,0.14,1.08,0.15,0,0.15,0.31,0.92,100,0.92,66.67,0.15,100,0.46,0.31,1.08,85.71,0,0,0,0,0,0
Omar Yahya,Al Sailiya,Al Sailiya,LB,33,125000,7,574,13.95,51.69,left,173,9.41,8.62,56.36,2.51,62.5,0.16,0.31,4.39,5.15,0.78,0.31,0,0,0,0,0,0,0,0,0.94,33.33,0.47,0,1.41,22.22,0.16,0.78,0,15.21,0.31,0.47,23.52,79.33,13.33,72.94,86.07,3.45,54.55,0.01,0.31,0,0,0,0,6.27,72.5,0.94,50,0,0,0.16,0.31,6.9,81.82,0.47,0,0,0.63,0,0
A. Mance,Umm Salal,Umm Salal,CF,30,650000,7,573,19.48,47.58,right,189,1.88,1.57,40,4.08,57.69,0,0.16,1.26,1.5,2.04,4.08,0.16,0.16,0.45,0,4.4,42.86,3.571,0.31,0.79,20,3.3,61.9,10.37,48.48,4.55,1.26,0,8.64,1.57,1.88,13.19,63.1,2.36,46.67,66.23,0.31,50,0.16,0.79,0,0,0,0.47,0.94,33.33,0.94,50,0,0,0.47,0.16,0.79,80,0,0,0,0,0,0
Suhaib Gannan,Al Ahli,Al Ahli,"RW, RAMF, LW",21,0,6,569,20.25,41.41,,0,7.43,6.96,54.55,2.06,15.38,0,0.32,3.64,5.11,2.21,2.06,0.32,0.32,0.16,0,0.95,50,33.333,0.16,0.95,16.67,3.01,47.37,9.65,37.7,1.74,2.69,0.16,21.51,1.42,0.79,30.37,80.73,7.59,64.58,85.88,1.58,20,0.01,0.16,0,0,0,0.16,2.37,60,1.42,33.33,0.32,0,0.47,0.16,3.32,52.38,0,0,0,0.16,0,0
Rafa Mújica,Al Sadd,Al Sadd,CF,27,8000000,8,562,12.65,30.38,right,183,2.56,2.4,53.33,2.08,15.38,0,0.16,1.28,2.53,1.92,1.44,0.32,0.16,0.56,0,2.4,33.33,13.333,0,0.48,0,1.6,40,6.25,30.77,4,0.16,0,8.01,1.12,1.28,10.41,76.92,1.76,72.73,81.97,0.16,0,0.05,0.64,0.16,0,0,0.48,0.8,60,0.48,100,0,0,0.64,0,0.64,75,0,0,0,0,1,100
Muniesa,Al Shahaniya,Al Shahaniya,LCB,33,0,6,559,8.86,63.64,left,180,6.92,3.54,68.18,1.93,33.33,0.32,0.16,4.19,5.45,0.64,0.48,0,0,0,0,0.16,0,0,0,0.32,50,0.32,100,1.29,87.5,0.64,1.29,0,31.72,0.16,0.64,44.6,84.84,21.09,74.81,93.91,7.25,40,0,0,0,0,0,0,6.44,55,0.32,0,0.48,33.33,0.16,0.32,9.98,75.81,0,0,0,0,0,0
Sultan Al Brake,Al Duhail,Al Duhail,LB,29,400000,7,554,9.1,58.93,left,175,6.34,3.74,65.22,1.95,58.33,0.65,0.32,3.25,5.45,0.81,1.3,0.16,0.16,0.12,0,1.46,33.33,11.111,0.32,1.95,25,0.32,100,2.27,42.86,1.46,1.3,0,32.65,1.79,0.97,43.05,83.77,18.68,83.48,88.89,3.09,57.89,0.06,0.65,0.16,0,0,0.32,6.5,80,1.95,25,0.16,0,0.16,0.32,9.75,73.33,0.16,0.16,0,0,0,0
Ahmed El Sayed,Umm Salal,Umm Salal,"LDMF, LCMF",35,100000,9,553,9.11,53.57,left,180,9.6,6.18,52.63,1.14,57.14,0.98,0.81,5.37,6.27,1.14,0.33,0,0,0,0,0.16,0,0,0,0.16,0,0.33,100,1.3,50,0,0,0,17.9,0,0.49,27.34,90.48,9.76,83.33,91.36,0.81,80,0,0.16,0,0.16,0,0,2.93,77.78,0.49,0,0,0,0.16,0.16,2.6,62.5,0,0,0,0,0,0
Tiago Silva,Al Rayyan,Al Rayyan,"LDMF, RDMF, RCMF",32,3000000,7,543,12.76,48.05,right,172,4.31,4.64,60.71,0.83,20,0.17,0,1.33,2.16,1.49,1.16,0,0,0.02,0,0.5,0,0,0.5,1.33,37.5,0.99,50,4.97,46.67,0.83,0.99,0.17,37.96,0,2.32,50.39,85.53,21.05,78.74,90.08,5.64,61.76,0.14,1.66,0,0,0.5,0.83,8.62,84.62,3.15,42.11,1.33,50,1.33,0.5,9.28,80.36,0.83,0,0,3.48,0,0
Mohamed Gouda,Al Arabi,Al Arabi,"LAMF, LW, AMF",20,0,10,542,23.91,44.44,unknown,0,4.98,5.48,57.58,1,66.67,0,0,1.83,3.08,1,4.48,0,0,0.03,0,1,33.33,0,0,2.66,18.75,6.97,52.38,16.27,39.8,3.99,4.82,0,18.6,1.99,2.82,24.41,80.95,2.16,76.92,89.23,0.33,0,0.14,1.16,0.33,0,0,0.66,0.33,100,1.33,25,0,0,1,0.5,1.83,54.55,0,0,0,0,0,0
Almahdi Ali,Al Wakrah,Al Wakrah,"LCB, RCB",33,200000,7,542,9.63,55.17,right,180,4.98,3.32,65,3.99,54.17,0.33,0.17,2.49,4.37,1.16,0.17,0,0,0.1,0,0.5,0,0,0,0,0,0.17,100,0.33,50,0.83,1.33,0.17,24.74,0.33,0.33,36.37,82.19,16.11,67.01,88.14,4.15,36,0,0,0,0,0,0,4.82,68.97,0.33,0,0.17,0,0.17,0,6.14,59.46,0,0,0,0,0,0
J. Jawad,Al Shahaniya,Al Shahaniya,"CF, AMF, LAMF",23,0,9,536,22.16,44.7,unknown,0,5.37,4.53,55.56,0.34,50,0.17,0.17,2.69,3.58,1.01,5.88,0,0,0.18,0,2.69,25,0,0.17,2.01,25,7.56,62.22,16.12,43.75,1.68,5.04,0.67,23.34,1.68,2.01,30.22,82.22,7.56,66.67,89.24,1.68,40,0.06,0.5,0,0,0.67,0.5,4.03,62.5,2.52,53.33,0.67,0,0.84,0.5,4.03,75,0.34,0.17,0,1.01,0,0
A. Soría,Al Sadd,Al Sadd,"RCMF, RB",20,0,8,536,9.91,40.68,right,175,5.54,4.87,51.72,1.18,28.57,0.17,0.17,2.85,4.32,0.5,0.84,0.17,0.17,0.13,0,1.51,22.22,11.111,0.17,0.5,66.67,0.17,100,2.35,28.57,0.84,1.01,0,18.81,1.01,0.17,26.53,87.97,8.23,79.59,89.19,1.18,71.43,0.05,0.5,0.17,0,0,0.17,3.36,90,1.34,75,0,0,0.34,0.34,3.69,77.27,0,0,0,0,0,0
Claudinho,Al Sadd,Al Sadd,"AMF, LDMF",28,18000000,6,533,9.96,45.76,right,172,3.21,2.7,68.75,0.51,66.67,0,0,1.35,2.7,0.84,2.36,0.34,0.34,0.11,0.17,1.18,71.43,28.571,0.51,2.2,15.38,1.86,45.45,5.07,33.33,1.52,1.35,0,46.1,1.69,0.34,54.2,84.74,14.35,75.29,89.3,6.25,75.68,0.14,1.52,0.17,0,0.68,0.84,8.27,67.35,4.39,65.38,0.68,75,1.86,0.34,7.77,86.96,0,0,0,1.01,0,0
F. Díaz,Al Gharafa,Al Gharafa,"LCMF, RCMF, LDMF",22,0,8,530,11.38,53.73,right,176,7.64,4.92,68.97,1.53,33.33,0.34,0.34,3.91,6.27,1.02,0.51,0,0,0.12,0,0.51,0,0,0,0.68,50,0.34,50,3.06,44.44,0.85,0.51,0,29.72,0.51,1.36,43.13,87.8,11.21,78.79,91.27,3.91,56.52,0.08,0.51,0,0,0,0,7.13,90.48,0.51,66.67,0,0,0.17,0.17,5.94,71.43,0,0,0,0,0,0
Abdalaziz Hazaa,Umm Salal,Umm Salal,LB,26,0,7,525,10.8,46.03,left,186,7.2,5.31,45.16,1.2,14.29,0.17,0.17,4.63,5.33,1.03,1.2,0,0,0,0,0,0,0,0,1.03,16.67,1.71,60,3.43,55,0.51,1.2,0,12.86,0.51,0.17,20.06,69.23,8.06,70.21,83.15,3.77,27.27,0.02,0.34,0,0.17,0,0,3.94,52.17,1.03,16.67,0.17,0,0.17,0.17,5.83,64.71,0,0,0,0,0,0
Mohammed Saleh,Al Rayyan,Al Rayyan,"LCB, RCB",32,275000,8,519,8.67,54,right,186,6.76,3.12,66.67,3.64,57.14,0.17,0.69,4.51,6.78,0.52,0.17,0,0,0,0,0.35,0,0,0,0.35,0,0.17,100,0.87,40,0.35,0,0,30.17,0.17,0.17,41.79,87.97,20.46,83.9,93.03,6.59,65.79,0.01,0.17,0.17,0,0,0,6.07,74.29,1.04,33.33,0.87,60,0.17,0.17,10.58,77.05,0,0,0,0,0,0
A. Pérez,Al Arabi,Al Arabi,"LCB, CB",31,2500000,5,519,8.32,50,left,181,5.38,2.77,43.75,2.77,56.25,0.35,0.17,3.82,5.95,0.87,0.35,0,0,0.01,0,0.17,0,0,0,0.35,50,0.35,50,1.21,42.86,0.69,0.35,0,31.91,0.35,0.52,43.87,87.75,21.85,82.54,94.5,8.84,62.75,0,0,0.17,0,0,0,4.51,69.23,0.69,25,0,0,0,0,7.46,76.74,0,0,0,0,0,0
Y. Snana,Al Sailiya,Al Sailiya,"CF, LAMF",21,0,7,519,10.06,48.28,right,183,2.43,0.87,0,5.2,63.33,0,0.17,2.43,2.86,0,1.21,0.35,0.17,0.41,0,2.08,58.33,16.667,0,0.35,0,0.17,0,1.91,27.27,3.82,0.17,0,12.31,2.08,0.87,18.38,71.7,4.34,52,76.29,1.21,28.57,0.07,1.21,0,0,0.17,0.17,1.91,54.55,1.04,16.67,0.35,0,0.87,0,2.43,92.86,0,0,0,0,1,100
Lucas Veríssimo,Al Wakrah,Al Wakrah,RCB,30,6000000,7,517,8.88,74.51,right,188,6.44,4.35,72,3.13,77.78,0.7,0.52,2.61,4.84,0.7,0.17,0,0,0.03,0,0.35,0,0,0,0.17,100,0,0,0.52,100,0.7,0.17,0,20.54,0.7,0.7,34.12,85.71,15.15,75.86,92.68,5.4,48.39,0,0.17,0,0,0,0,4,52.17,0.52,0,0.7,0,0,0.17,6.09,65.71,0,0,0,0,0,0
P. Kimpembe,Qatar SC,Qatar SC,LCB,30,12000000,6,514,11.21,57.81,left,183,7.18,6.13,51.43,1.93,63.64,0.7,0.35,3.33,5.43,1.4,0.18,0,0,0,0,0,0,0,0,0.35,50,0,0,1.93,63.64,0,0.18,0,20.49,0,1.23,33.44,87.96,17.68,79.21,93.25,4.55,57.69,0.01,0.18,0,0,0,0,4.55,69.23,0.7,50,0.35,50,0,0.35,7.18,70.73,0,0,0,0,0,0
Artur Jorge,Al Shahaniya,Al Shahaniya,"LCB, RCB",31,400000,7,512,6.86,61.54,right,186,6.15,3.87,54.55,1.05,83.33,0.35,0.35,3.69,5.21,0.88,0.18,0,0,0.01,0,0.18,0,0,0,0,0,0.18,100,0.53,66.67,0.18,0,0,28.3,0,0.53,41.48,85.59,16.17,72.83,93.26,7.56,51.16,0,0,0,0,0,0,4.39,52,0.53,33.33,0.53,33.33,0.18,0,5.1,68.97,0,0,0,0,0,0
R. Saďss,Al Sadd,Al Sadd,LCB,35,3200000,6,507,5.68,65.63,left,188,7.1,1.78,70,2.49,64.29,0.36,0.18,5.5,10.45,0.71,0.36,0,0,0.06,0,0.18,100,0,0,0.36,0,0,0,0.36,100,0.36,1.78,0,44.2,0.71,0.36,59.11,91.29,28.22,84.91,95.36,9.05,72.55,0,0,0,0.18,0.18,0.18,9.59,77.78,1.24,14.29,0.36,50,0.18,0,14.02,84.81,0,0,0,0,0,0
Gabriel Pereira,Al Rayyan,Al Rayyan,"RAMF, RW, RCMF",24,7000000,10,504,19.64,53.64,left,175,3.04,3.93,59.09,1.25,28.57,0,0,0.71,1.11,0.36,5.18,0,0,0.27,0,1.61,33.33,0,0.18,2.5,28.57,4.82,74.07,13.04,56.16,3.75,4.46,0.71,15.36,1.96,3.39,23.57,78.03,5.36,66.67,89.11,3.21,55.56,0.12,0.54,0.36,0.18,0.36,0.36,3.21,55.56,3.75,42.86,1.43,50,1.43,0.71,3.04,82.35,0.89,0,0,1.43,0,0
M. Sherif,Al Arabi,Al Arabi,"LB, RCB",19,0,5,493,15.15,54.22,,0,9.31,7.48,68.29,2.01,27.27,0.18,0.18,4.02,6.29,0.55,0.73,0,0,0,0,0,0,0,0.18,0.73,25,1.28,42.86,3.29,38.89,0.91,0.73,0.37,23.91,0,1.1,33.23,80.22,10.77,62.71,84.81,3.65,55,0.02,0.37,0,0,0,0.18,4.56,60,1.46,37.5,0.37,50,0.55,0.18,5.48,60,0,0,0,0,0,0
J. Aholou,Umm Salal,Umm Salal,"RCMF, RDMF, DMF",31,800000,7,492,11.34,53.23,right,186,7.68,4.76,69.23,1.83,40,0,0.55,4.39,5.63,2.01,0.91,0,0,0.01,0,0.18,100,0,0,0,0,1.1,66.67,2.93,56.25,0.55,0.37,0.18,15.18,0,0.55,26.16,85.31,9.51,80.77,87.41,1.46,50,0,0.18,0,0.18,0,0,2.74,93.33,0.37,0,0,0,0,0,3.48,68.42,0,0,0,0,0,0
Álvaro Djaló,Al Gharafa,Al Gharafa,"RWB, RW, RCMF",26,15000000,9,492,21.59,41.53,right,175,3.84,6.95,42.11,2.01,27.27,0,0,0.91,1.53,2.56,4.39,0,0,0.33,0,2.2,58.33,0,0,4.57,24,3.11,64.71,10.79,44.07,2.38,2.56,0,15,2.2,1.65,21.4,69.23,3.66,50,83.15,0.91,40,0.08,0.73,0,0,0,0.18,1.46,50,3.66,40,0,0,1.28,0.91,3.66,85,0,0,0,0.18,0,0
A. Amraoui,Al Ahli,Al Ahli,LCB,21,0,6,485,10.21,74.55,left,184,6.68,4.08,86.36,2.41,76.92,0.19,0.37,2.97,4.21,0,0.56,0,0,0.08,0,0.19,0,0,0,0.74,50,0.19,100,1.86,60,0.19,0.56,0,33.03,0.19,0.37,44.91,86.78,20.78,78.57,94.2,5.75,41.94,0,0.19,0,0,0,0,4.64,48,1.86,20,1.11,16.67,0,0.37,10.21,72.73,0,0,0,0,0,0
Jassem Mohammed,Al Ahli,Al Ahli,"RB, RCB",30,0,7,483,10.62,59.65,right,172,9.13,6.52,65.71,1.68,55.56,0,0.56,4.84,6.9,1.3,0.37,0,0,0,0,0,0,0,0,1.3,14.29,0,0,0.93,20,0.19,0,0.19,20.87,2.05,0.19,28.14,74.17,11.74,66.67,85.71,4.66,36,0,0.19,0,0,0.19,0,4.29,65.22,2.05,18.18,0.37,50,0.19,0.19,5.4,62.07,0,0,0,0,0,0
Khalid Mohammed,Al Ahli,Al Ahli,"LAMF, LCMF, RW",25,300000,6,483,12.86,49.28,right,165,3.91,3.17,64.71,1.86,30,0,0.37,1.86,2.8,0.93,1.68,0,0,0.04,0,0.93,40,0,0,0.37,50,1.68,66.67,6.34,44.12,0.93,1.12,0.56,25.71,1.12,1.68,33.17,93.82,4.1,90.91,95.78,1.86,70,0.03,0.19,0,0.37,0.19,0,2.61,78.57,0.56,66.67,0,0,0.37,0.19,2.24,58.33,0,0,0,0,0,0
Javi Hernández,Al Arabi,Al Arabi,"LB, LCB",27,2500000,9,482,8.78,44.68,left,183,3.73,3.92,42.86,1.68,55.56,0,0.19,2.05,3.51,1.49,0.75,0,0,0.19,0,0.75,25,0,0,0.56,0,0.93,60,2.43,46.15,0.75,1.12,0,28.57,1.87,0.37,39.21,83.33,16.62,70.79,90.81,4.11,31.82,0.02,0.19,0,0,0,0,5.23,64.29,1.31,28.57,0,0,0.37,0,5.41,79.31,0,0,0,0,0,0
Lotfi Madjer,Al Shahaniya,Al Shahaniya,"LW, RAMF, RW",23,0,8,474,19.56,39.81,right,0,7.78,6.08,56.25,2.09,18.18,0.38,0.19,3.99,5.04,1.52,2.28,0,0,0.09,0,0.95,20,0,0,2.28,16.67,3.42,50,9.3,34.69,2.85,1.71,0.38,16.52,2.66,1.52,22.59,70.59,5.13,59.26,78.64,0.95,20,0.06,0.76,0,0,0,0.38,1.9,50,2.66,21.43,0,0,0.38,0.38,2.09,63.64,0,0,0,0,0,0
Homam Al Amin,Al Duhail,Al Duhail,LB,26,500000,7,473,11.99,53.97,left,186,5.71,5.14,62.96,1.14,100,0.19,0.19,2.28,4.39,0.76,1.71,0,0,0.1,0,1.14,50,0,0,2.85,20,0.95,60,4.76,36,1.71,1.9,0.57,27.59,2.85,1.33,37.67,87.88,10.08,79.25,97.02,3.04,50,0.03,0.38,0.19,0,0,0.19,4.95,84.62,2.66,42.86,0,0,0.76,0.38,5.14,85.19,0,0,0,0,0,0
Rodrigo,Al Rayyan,Al Rayyan,"RAMF, RCMF",34,4500000,7,469,12.67,50,left,182,4.61,2.69,57.14,3.07,37.5,0,0,3.07,4.57,0.58,2.49,0.38,0.38,0.5,0,2.11,36.36,18.182,0.19,1.54,50,1.34,57.14,5.18,55.56,2.3,0.58,0,19.77,1.54,2.11,27.25,72.54,8.25,53.49,77.5,2.88,40,0.15,1.15,0.19,0,0.38,0.77,4.99,53.85,3.45,61.11,1.15,50,1.73,0.77,5.18,81.48,0,0,0,0,0,0
Karim Boudiaf,Al Duhail,Al Duhail,"RDMF, LDMF, LCMF",35,350000,7,460,9,43.48,right,190,3.72,2.35,58.33,2.54,53.85,0,0.2,2.35,4.68,1.17,1.37,0.2,0.2,0.15,0.2,0.98,80,20,0,0.59,100,0,0,2.35,16.67,1.57,0.78,0,47.93,1.37,0.78,62.22,90.57,21.91,83.93,91.95,3.33,64.71,0.2,0.98,0,0,0,0.2,11.74,81.67,2.74,71.43,0.2,100,1.37,0.59,11.93,86.89,0,0,0,0,0,0
Ahmed Suhail,Al Sadd,Al Sadd,"RCB, LCB",26,150000,7,452,7.17,52.78,right,183,5.18,2.19,45.45,2.99,60,0,0.4,4.18,6.92,1,0.4,0,0,0.01,0,0.4,50,0,0,0.2,0,0.2,100,0.8,100,0,0.8,0.2,35.44,0.4,0.4,45.8,84.78,15.93,72.5,93.03,5.77,27.59,0.01,0.2,0,0,0,0.2,5.38,44.44,1,0,0.2,0,0,0,5.97,60,0,0,0,0,0,0
Nasser Ibrahim,Al Ahli,Al Ahli,"RAMF, RW, CF",30,250000,6,451,12.77,43.75,left,163,2.99,3.79,57.89,0.8,0,0,0,0.8,1.33,0.6,1.6,0,0,0.1,0,1,0,0,0,1.6,50,1.8,44.44,7.38,40.54,2,1,0.4,28.34,2,0.8,34.92,86.86,6.19,77.42,89.81,2,70,0.06,0.8,0,0,0,0.4,2.59,92.31,2,90,0,0,1.2,0.8,5.39,81.48,0,0,0,0,0,0
Alhassan Koroma,Bani Yas,Al Shahaniya,"RW, RAMF",25,250000,6,451,21.95,39.09,left,182,5.19,4.99,68,1.6,25,0,0,1.8,2.35,1,3.59,0,0,0.21,0,2.39,33.33,0,0,2.59,23.08,4.99,44,13.97,32.86,2.59,2.39,0.4,15.17,2.2,1,21.15,76.42,3.79,68.42,84.09,1,80,0.03,0.4,0,0,0,0,1.8,66.67,2,50,0,0,0.8,0.6,2.79,42.86,0.4,0.2,100,0.6,0,0
M. Camara,Al Sadd,Al Sadd,"RDMF, DMF, RCMF",25,20000000,7,451,12.57,61.9,right,173,5.39,3.79,52.63,1.2,66.67,0.2,0.4,3.19,5.52,0.8,0.6,0,0,0.04,0,0.8,50,0,0,0.2,0,0.4,50,5.79,65.52,0.2,0.2,0,28.94,0.2,3.39,35.32,92.66,11.97,86.67,94.58,2,70,0,0.2,0,0.2,0,0.2,2.99,93.33,0.4,50,0,0,0.4,0,4.79,75,0,0,0,0,0,0
I. Lihadji,Al Arabi,Al Arabi,"LAMF, LW, LWB",23,900000,10,441,19.18,48.94,left,177,6.12,5.1,72,2.45,41.67,0,0,2.45,3.83,1.22,4.9,0.2,0.2,0.12,0.2,1.22,50,16.667,0.2,2.86,21.43,5.92,58.62,10.61,40.38,2.45,3.06,0.82,14.9,0.82,0.82,22.04,73.15,5.71,75,80.22,0.82,100,0.16,1.63,0,0,0.2,0.82,2.04,70,3.67,55.56,0.2,100,1.63,0.41,4.08,85,0,0,0,0,0,0
Abdulaziz Hatem,Al Rayyan,Al Rayyan,"LDMF, AMF, DMF",35,350000,7,437,11.12,51.85,left,185,4.12,3.91,63.16,2.27,45.45,0.21,0,1.44,1.94,1.44,0.82,0,0,0.12,0,0.82,0,0,0,0.41,0,0.82,75,3.5,52.94,1.03,0.41,0,17.71,0.21,1.44,24.51,84.87,8.65,76.19,89.42,2.68,61.54,0.07,0.41,0,0,0.21,0.21,5.15,76,1.03,20,0.62,33.33,0.21,0,3.71,88.89,0.41,0,0,1.03,0,0
Boualem Khoukhi,Al Sadd,Al Sadd,"CB, RCB",35,300000,6,433,7.07,64.71,right,180,6.65,1.25,100,3.74,61.11,0,0.42,5.4,8.3,0.42,0.83,0.21,0.21,0.1,0,1.04,60,20,0,0,0,0.42,50,1.87,55.56,1.25,0.21,0,26.81,0.21,0.83,39.7,89.01,16.63,82.5,94.67,4.57,45.45,0.01,0.21,0,0,0,0.21,4.16,65,0.83,50,0.62,66.67,0.42,0,5.4,73.08,0.42,0.42,50,0,0,0
Hadi Ali,Al Sailiya,Al Sailiya,"RW, RAMF, LW",24,0,9,431,17.12,43.9,right,0,5.22,6.26,60,2.09,30,0,0,1.46,1.53,0.63,2.09,0.21,0.21,0.08,0,0.63,33.33,33.333,0,0.63,66.67,1.67,87.5,6.47,35.48,1.67,1.46,0.21,8.77,1.67,0.42,14.62,80,2.92,64.29,83.87,1.25,50,0.01,0.21,0,0,0,0,0.84,50,0.63,66.67,0,0,0.63,0.21,2.09,60,0,0,0,0.63,0,0
S. Yansane,Al Ahli,Al Ahli,CF,22,0,10,420,20.36,31.58,right,184,4.29,3.21,53.33,3,28.57,0,0.21,2.57,3.91,1.5,1.71,0.21,0.21,0.21,0,1.5,14.29,14.286,0.21,0.86,25,3,42.86,11.57,22.22,3.86,0.64,0,17.14,2.14,0.86,20.36,81.05,2.57,41.67,83.33,0.21,100,0.12,0.64,0,0,0,0.21,1.29,50,0.64,33.33,0,0,0.86,0.21,1.29,66.67,0,0,0,0,0,0
Jasem Al Hail,Al Arabi,Al Arabi,GK,33,350000,5,418,0.43,100,right,0,2.15,0,0,0.22,100,0,0,2.15,3.3,0,0,0,0,0,0,0,0,0,0,0,0,0,0,0.22,100,0,0,0,11.63,0.22,0.22,16.15,81.33,8.83,68.29,97.96,5.6,50,0,0,0,0,0,0,1.08,40,0,0,0,0,0,0,3.66,52.94,,,,0,0,0
N. Al Hadrami,Qatar SC,Qatar SC,"AMF, LAMF, RAMF",24,0,9,416,13.41,40.32,right,180,8.22,7.79,50,1.51,28.57,0.22,0.22,4.11,5.82,2.38,0.65,0,0,0.02,0,0.65,0,0,0,0.87,50,0.87,25,3.03,21.43,0.22,0.43,0,13.2,0.22,0.65,21.2,78.57,4.98,73.91,80.68,1.3,66.67,0.05,1.08,0,0,0,0.43,2.81,61.54,0.65,100,0,0,0.22,0.43,2.81,69.23,0,0,0,0.22,0,0
L. Badji,Umm Salal,Umm Salal,GK,22,0,4,414,0.87,75,left,190,1.52,0,0,0.43,100,0,0,1.52,1.67,0,0,0,0,0,0,0,0,0,0,0,0,0,0,0.43,50,0,0,0,6.96,0,0.22,12.61,56.9,11.3,53.85,79.17,7.39,41.18,0,0,0,0,0,0,5.22,41.67,0.87,0,0.43,0,0,0,5.65,69.23,,,,0,0,0
Jehad Mohammad Hudib,Umm Salal,Umm Salal,GK,25,50000,4,410,0.44,100,right,178,2.2,0,0,0.22,100,0,0,2.2,3.16,0,0,0,0,0,0,0,0,0,0,0,0,0,0,0.22,100,0,0,0,7.46,0.22,0.22,13.83,66.67,10.54,62.5,96,8.34,47.37,0,0,0,0,0,0,1.1,60,0.22,0,0,0,0,0,6.59,50,,,,0,0,0
Guilherme,Al Sadd,Al Sadd,"RDMF, LDMF, LCMF",34,1700000,6,408,13.68,46.77,right,179,6.84,5.96,40.74,3.53,68.75,0.44,0.66,3.97,6.35,2.87,0.88,0.22,0.22,0.27,0,1.54,28.57,14.286,0.22,0,0,0.66,33.33,2.87,46.15,1.54,0.44,0,43.46,0.22,1.1,54.93,92.37,17.43,83.54,93.67,6.18,82.14,0,0,0,0,0.22,0.22,9.26,85.71,0.66,33.33,0,0,0.22,0,7.72,77.14,0,0,0,0,0,0
Murad Naji Hussein,Al Rayyan,Al Rayyan,RB,34,150000,5,407,7.74,40,right,174,2.21,2.43,18.18,1.33,83.33,0,0,1.77,2.61,0.22,1.77,0,0,0,0,0.22,100,0,0,3.98,22.22,0.88,75,2.87,38.46,1.11,0.88,0,21.89,1.55,0.66,28.75,76.15,9.29,69.05,87.5,1.77,50,0.22,1.99,0,0,0.22,0.66,2.87,69.23,2.65,33.33,0.66,33.33,0.22,0.88,4.86,72.73,0.88,0,0,3.1,0,0
Ibrahim Masoud,Qatar SC,Qatar SC,"AMF, LCMF, DMF",28,100000,6,406,11.97,37.04,right,177,3.1,5.32,41.67,1.11,20,0,0.44,0.89,1.41,2.22,0.22,0,0,0.06,0,0.67,0,0,0,0.44,50,0.22,0,2.66,50,0.44,0.89,0,17.51,0.44,1.33,27.27,82.11,9.98,68.89,87.04,2.88,46.15,0,0,0.22,0,0.22,0,3.33,66.67,0.44,50,0,0,0.22,0.22,4.43,70,0,0,0,0,0,0
Khalifa Saad,Umm Salal,Umm Salal,RB,27,0,6,405,12.89,53.45,right,172,12,9.11,56.1,1.11,60,0.44,0.67,6.44,7.07,0.44,0.44,0,0,0,0,0,0,0,0,0.44,100,0,0,1.56,42.86,0.22,0.22,0,11.11,0.44,1.11,19.56,65.91,9.78,50,78.13,4.89,27.27,0,0,0,0,0,0,2.89,38.46,0.22,100,0,0,0,0.44,4.89,36.36,0,0,0,0,0,0
A. Ounas,Al Sailiya,Al Sailiya,"AMF, RAMF",29,4000000,7,403,21.66,36.08,left,172,3.13,2.01,66.67,1.12,0,0,0,1.79,2.24,0.45,6.48,0.22,0.22,0.15,0,2.01,33.33,11.111,0,2.46,27.27,9.16,56.1,18.31,34.15,3.35,3.8,0.45,16.08,1.34,1.79,24.12,71.3,8.04,61.11,78.05,3.8,58.82,0.39,2.46,0,0.22,0.22,1.12,4.91,59.09,2.46,45.45,1.12,40,1.34,1.12,5.14,82.61,1.12,0.22,0,2.68,0,0
Mohab Eissa,Al Sailiya,Al Sailiya,"LCMF, LDMF",21,0,7,401,13.92,62.9,,0,10.1,7.63,67.65,1.8,37.5,0.9,0.22,4.04,4.78,1.12,0.9,0,0,0.04,0,0.9,25,0,0,1.12,40,0.22,100,2.02,44.44,0.45,0.22,0,16.83,0,0.67,25.36,69.91,9.88,45.45,82.35,5.16,30.43,0.04,0.22,0,0,0,0.22,4.04,33.33,1.57,57.14,0.22,100,0.45,0.45,4.49,45,0,0,0,0,0,0
Yan Matheus,Qatar SC,Qatar SC,"AMF, CF, RCMF",27,0,7,399,15.11,49.25,right,170,3.83,3.38,60,1.13,40,0,0.23,1.8,2.53,0.68,3.61,0,0,0.02,0,1.35,16.67,0,0.45,2.26,60,2.93,69.23,9.02,47.5,1.8,2.93,0.23,14.44,1.13,1.13,22.11,78.57,5.19,69.57,84.34,1.13,20,0.25,2.26,0,0,0,0.45,2.71,58.33,2.48,63.64,0,0,0.68,1.35,3.16,78.57,0.9,0,0,0.45,0,0
Y. Atal,Al Sadd,Al Sadd,"RB, RWB",29,4300000,5,398,22.61,62,both,176,10.85,11.76,65.38,1.36,33.33,0.23,0,2.94,5,1.58,4.07,0.23,0.23,0.08,0,0.9,100,25,0.23,2.94,15.38,4.3,63.16,8.37,62.16,3.17,2.26,0.68,36.41,3.62,1.81,48.39,79.44,15.38,75,86.34,4.07,55.56,0.18,0.45,0,0.23,0,0.45,7.01,77.42,2.94,53.85,0.68,66.67,1.58,0.45,10.85,72.92,0,0,0,0,0,0
Abdulrasheed Umaru,Qatar SC,Qatar SC,"RAMF, RW, RB",26,225000,5,379,14.25,50,right,173,4.99,5.46,73.91,2.61,45.45,0,0,0.95,1.54,0.71,1.42,0,0,0,0,0,0,0,0,1.19,40,1.42,66.67,4.27,44.44,0.47,1.9,0,10.21,1.42,0.71,15.44,67.69,4.27,66.67,76,2.61,36.36,0.09,0.71,0,0,0,0.71,1.42,50,2.14,55.56,0.24,0,0.95,0.47,3.8,62.5,0,0,0,0,0,0
Y. El Hannach,Al Shamal,Al Shamal,RB,21,0,10,375,15.36,51.56,right,181,10.56,5.76,75,2.16,11.11,0.48,0.48,5.76,8.78,0.96,2.16,0,0,0.02,0,0.72,33.33,0,0,1.92,12.5,2.4,70,5.28,50,1.44,1.44,0.48,22.56,1.44,0.72,33.12,81.16,11.28,59.57,90.68,3.12,38.46,0.02,0.48,0,0,0,0.24,3.36,64.29,1.44,16.67,0,0,0.48,0,5.52,69.57,0,0,0,0,0,0
Mohamed Sayyar,Al Shahaniya,Al Shahaniya,"LCMF, RDMF, LDMF",34,50000,8,364,12.61,62.75,right,177,6.92,6.43,69.23,4.2,64.71,0.49,0.25,1.98,2.5,0.99,0,0,0,0.04,0,0.49,0,0,0,0,0,0,0,0.99,75,0.49,0,0,14.59,0.25,0.49,24.48,84.85,7.66,67.74,85.42,0.74,66.67,0,0,0,0,0,0,3.46,78.57,0.25,100,0,0,0,0,3.21,53.85,0,0,0,0,0,0
El Hashmi El Hussain,Al Arabi,Al Arabi,"RCB, LB",22,0,6,360,15.25,59.02,,0,9.75,5.5,63.64,4.5,61.11,0.5,0.5,5.75,8.12,1.75,0.5,0,0,0,0,0.25,0,0,0,0,0,0.5,100,3.5,42.86,0.25,0.25,0,18.25,0.5,1,30,75,12.25,53.06,81.65,2.75,9.09,0,0,0,0,0,0,2.5,30,0.25,0,0.25,0,0,0,4,37.5,0,0,0,0,0,0
Mohammed Muntari,Al Gharafa,Al Gharafa,"CF, LWF, RWF",31,250000,6,347,12.71,38.78,right,193,1.3,1.3,60,4.15,50,0,0,0.52,0.79,1.04,0.26,0,0,0.21,0,1.04,25,0,0,0,0,0,0,4.67,27.78,1.82,0.52,0,10.89,0.52,1.04,15.56,85,2.33,88.89,84.48,0.52,100,0.14,0.78,0,0,0,0,0.78,100,0.52,100,0.26,100,0.52,0,0.78,66.67,0,0,0,0,0,0
Anas Abweny,Al Shahaniya,Al Shahaniya,"LCMF, RDMF, LDMF",21,0,5,342,16.32,46.77,unknown,0,9.21,5.53,57.14,4.47,35.29,0.53,0.26,5.53,7.78,0.79,0.79,0,0,0.04,0,1.05,50,0,0,0,0,0.53,50,4.74,44.44,0.53,0.53,0,25,0.53,1.32,42.63,88.89,10.53,77.5,90.73,2.89,63.64,0.02,0.26,0,0,0,0,5.79,86.36,0.26,0,0,0,0.26,0,5.53,61.9,0,0,0,0,0,0
Simo,Al Shahaniya,Al Shahaniya,RB,22,0,6,334,21.02,60.26,unknown,0,11.05,9.16,61.76,1.89,100,0,0,5.39,7.59,0.27,2.16,0,0,0.1,0,1.35,40,0,0,2.96,18.18,1.89,57.14,7.54,50,1.62,0.54,0,25.6,2.16,2.69,32.34,74.17,11.86,56.82,86.73,2.96,18.18,0.13,1.08,0,0,0,0.54,2.69,40,3.77,21.43,0,0,1.08,0.54,4.85,50,0.27,0,0,0.27,0,0
Luiz Ceará,Al Duhail,Al Duhail,"RDMF, LDMF, RCMF",36,100000,5,332,12.47,52.17,right,177,7.86,7.59,64.29,1.36,60,0.27,0,2.71,4.55,1.63,0,0,0,0,0,0.27,0,0,0,0,0,0,0,2.44,33.33,0,0.27,0,34.7,0,0.81,46.9,93.06,10.3,84.21,95.54,4.34,68.75,0,0,0,0.27,0,0,5.42,80,0,0,0,0,0,0,4.88,61.11,0,0,0,0,0,0
Yazan Al Naimat,Al Arabi,Al Arabi,"CF, AMF",26,0,8,329,18.05,54.55,right,178,3.56,3.01,63.64,2.74,50,0,0,1.64,2.69,0.27,4.38,0.82,0.82,0.63,0,3.56,38.46,23.077,0.27,1.37,0,5.47,55,10.67,51.28,4.1,2.19,0,9.57,1.64,1.09,16.14,76.27,2.74,60,82.35,0.82,100,0.03,0.55,0,0,0,0.27,1.37,80,1.09,75,0.27,100,0.55,0,1.91,42.86,0,0,0,0,0,0
A. Bounacer,Al Shamal,Al Shamal,"LCB, RCB",20,0,8,324,11.67,57.14,both,188,11.67,4.72,64.71,5,50,1.11,0.56,7.5,13.28,1.94,1.11,0,0,0.03,0,0.83,66.67,0,0,1.11,25,0.56,50,1.39,80,1.11,2.22,0,24.44,0.28,0.56,40.56,80.82,16.39,62.71,87.2,4.72,47.06,0,0,0,0,0,0,5,61.11,1.11,25,0.56,0,0,0.56,10.28,56.76,0.28,0.28,0,0,0,0
Mustafa Meshaal,Al Sadd,Al Sadd,"RDMF, LCMF",24,0,8,316,12.25,60.47,left,174,4.84,5.13,61.11,1.42,60,0.28,0,1.42,2.38,1.14,1.99,0,0,0.06,0,0.85,0,0,0,2.85,30,1.14,100,4.84,64.71,1.42,0.85,0,22.22,0.28,1.71,31.61,85.59,9.97,88.57,91.75,1.14,75,0.07,0.57,0,0,0,0.57,2.28,100,3.13,45.45,0,0,0.85,0.85,3.13,72.73,0.28,0.28,0,0,0,0
Mohammed Waad,Al Sadd,Al Sadd,"LB, LCMF, DMF",26,550000,6,313,12.36,55.81,left,183,7.76,6.61,65.22,0.86,66.67,0.29,0,3.16,6.47,2.01,0.86,0,0,0,0,0.58,0,0,0,2.88,30,0.29,0,3.45,41.67,0.29,0.86,0.29,28.18,0.86,0.58,36.23,80.95,7.76,55.56,89.32,4.6,56.25,0,0,0,0.29,0,0,3.16,72.73,2.3,37.5,0.29,0,0.29,0.29,4.6,62.5,0,0,0,0,0,0
Ahmed Al Rawi,Qatar SC,Qatar SC,"CF, RAMF, AMF",21,0,5,310,14.23,36.73,right,0,2.61,4.06,42.86,2.61,33.33,0,0,0.87,1.29,2.9,0.58,0,0,0.2,0,1.16,25,0,0,0.58,0,0.58,50,5.52,26.32,1.74,0.58,0,9.58,2.03,0.87,16.55,68.42,2.32,62.5,78,1.45,0,0,0.87,0,0,0,0,2.03,42.86,1.16,50,0,0,0.58,0,2.03,71.43,0.29,0.29,0,0,0,0
G. Laye,Al Arabi,Al Arabi,"LCB, RDMF, RCB",27,0,4,310,7.26,60,right,188,6.68,3.19,81.82,2.61,33.33,0,0.87,4.06,7,0.58,0,0,0,0.04,0,0.29,0,0,0,0,0,0,0,0.58,50,0.87,0.29,0,27.87,0.29,0.29,43.26,94.63,15.39,94.34,95.77,2.03,71.43,0,0,0,0,0,0,1.16,50,0,0,0,0,0,0,3.19,81.82,0,0,0,0,0,0
Gelson Dala,Al Wakrah,Al Wakrah,"CF, AMF, LW",29,2500000,6,309,14.27,46.94,right,175,0.87,0.87,66.67,2.62,33.33,0,0,0.29,0.63,1.17,2.33,0.58,0.58,0.1,0,1.75,33.33,33.333,0,1.46,0,2.33,75,9.32,53.13,4.66,1.46,0,15.15,0.58,3.2,16.6,77.19,3.5,66.67,86,0.58,50,0.01,0.29,0,0,0,0.29,2.91,80,0.87,66.67,0,0,0.58,0.29,2.33,50,0,0,0,0,0,0
F. Antonucci,Al Shahaniya,Al Shahaniya,"AMF, CF, LCMF",26,0,4,307,12.61,58.14,right,174,3.81,2.35,75,1.17,50,0.59,0,1.47,2,0.29,3.22,0,0,0.08,0,2.05,28.57,0,0.29,1.47,0,4.1,64.29,8.21,60.71,0.59,2.93,0.29,33.42,0.29,2.93,43.68,77.18,16.42,62.5,89.42,11.73,55,0.19,2.35,0,0,0.29,0.29,10.55,72.22,6.45,50,3.52,41.67,2.35,0.29,9.38,90.63,2.64,0.59,50,2.93,0,0
Abdel Aziz Mitwali,Al Sailiya,Al Sailiya,"LB, LW, LAMF",29,175000,4,303,17.82,35,right,170,9.21,8.02,44.44,2.67,11.11,0.89,0,4.75,5.16,2.38,0,0,0,0,0,0,0,0,0,0,0,0,0,5.94,35,0,0.3,0.59,6.53,1.19,1.19,14.85,66,7.43,56,73.81,2.38,25,0,0,0,0,0,0,2.97,50,0.3,100,0.89,33.33,0.3,0,4.75,43.75,0,0,0,0,0,0
Pau Prim,Al Sadd,Al Sadd,"DMF, LDMF",19,0,6,297,13.33,50,right,179,5.76,5.45,50,1.52,40,0.3,0.61,2.73,4.5,1.52,0.61,0,0,0.28,0,1.82,16.67,0,0,0,0,0.91,33.33,4.85,50,0,0.3,0,30.91,0,1.52,41.52,87.59,9.09,70,89.31,1.82,50,0,0,0,0.3,0,0,5.76,57.89,0.3,0,0,0,0,0,3.03,70,0.3,0.3,100,0,0,0
J. De Sart,Al Rayyan,Al Rayyan,"LDMF, RDMF, LCB",30,7500000,3,296,11.86,48.72,right,187,6.99,5.17,47.06,2.43,75,0.61,0.3,3.95,6.61,2.74,1.22,0.3,0.3,0.12,0,1.82,33.33,16.667,0,0.91,33.33,0.61,50,2.74,33.33,1.22,0,0,24.63,0.3,0,34.05,86.61,8.21,66.67,88.04,5.17,88.24,0,0.3,0,0,0.3,0,7.3,79.17,0.61,50,0.91,33.33,0,0.3,5.17,82.35,0,0,0,0,0,0
M. Normann,Al Sailiya,Al Sailiya,"LDMF, RCMF, LCMF",29,3000000,5,288,11.25,55.56,right,179,5.94,3.44,63.64,0.94,66.67,0.31,0.31,3.44,4.23,0.94,0.94,0,0,0.01,0,0.94,0,0,0.31,1.56,0,2.19,42.86,6.56,47.62,0.94,0,0.31,18.44,0.31,1.25,27.5,65.91,10.31,48.48,77.78,6.25,45,0.14,0.63,0,0,0,0.31,7.19,47.83,2.19,42.86,0.94,0,0.63,0,5.63,61.11,1.56,0,0,2.5,0,0
I. Bamba,Al Duhail,Al Duhail,"LCB, RCB",23,6000000,4,283,11.45,52.78,right,185,6.36,7,59.09,1.91,16.67,0,0.95,2.23,4.67,1.59,0,0,0,0.11,0,0.32,0,0,0,0,0,0,0,1.27,100,0.32,0.95,0,42.61,1.27,1.27,55.65,94.86,23.53,93.24,97.55,3.82,58.33,0,0,0,0,0,0,5.09,75,1.27,50,0.64,50,0,0,7,81.82,0,0,0,0,0,0
Sebastián Soria,Qatar SC,Qatar SC,CF,42,50000,6,282,18.19,35.09,right,183,2.87,3.19,50,6.7,38.1,0,0,1.28,2.31,1.28,1.28,0,0,0.11,0,1.28,0,0,0,2.87,33.33,0.96,33.33,5.43,29.41,2.23,0,0,7.02,1.6,1.28,11.49,58.33,3.19,60,62.5,0.96,100,0.09,0.64,0,0,0,0.32,0.96,66.67,2.55,37.5,0.32,100,0.32,0.64,1.91,100,0,0,0,0,0,0
M. Baidoo,Umm Salal,Umm Salal,RDMF,26,3000000,4,274,12.81,53.85,right,174,7.55,8.87,44.44,0.33,100,0,0,3.61,3.84,1.64,1.97,0.33,0.33,0.54,0,1.97,33.33,16.667,0.33,0.33,0,0.99,100,2.96,77.78,1.97,1.31,0,17.41,0.66,1.31,29.89,82.42,14.12,69.77,86.9,1.97,33.33,0.09,0.66,0,0,0.33,0.66,6.57,65,0.99,66.67,0.33,100,0.33,0,3.61,45.45,0,0,0,0,0,0
Mohammed Musa,Al Shamal,Al Shamal,"RCB, RB",39,100000,7,274,5.91,38.89,right,181,6.57,1.97,66.67,2.63,25,0.33,0.33,4.93,6.62,0.66,0,0,0,0,0,0,0,0,0,0,0,0,0,0,0,0,0.66,0,22.01,0,0,33.18,89.11,12.48,76.32,94.05,5.58,64.71,0,0,0,0,0,0,4.27,69.23,0.66,50,0.66,0,0,0,6.24,78.95,0,0,0,0,0,0
Ali Hassan Afif,Umm Salal,Umm Salal,"LW, LB",37,50000,4,268,10.75,53.13,left,173,6.38,4.7,64.29,1.01,33.33,0.67,0,2.69,3,0.67,2.01,0,0,0,0,0,0,0,0,2.69,37.5,1.68,60,4.03,41.67,0,1.01,0.34,15.11,2.01,0.67,23.17,68.12,9.74,55.17,82.98,5.04,33.33,0.02,0.34,0,0,0.34,0.34,4.37,53.85,3.69,27.27,0,0,0,1.34,5.04,80,0,0,0,0,0,0
Hazem Shehata,Al Rayyan,Al Rayyan,LB,27,400000,7,261,14.14,53.66,left,169,8.97,8.28,62.5,1.38,75,1.72,0,2.07,2.61,1.38,2.07,0,0,0.02,0,0.69,0,0,0,2.76,50,1.38,50,1.72,60,0.69,0,0,13.45,1.03,0.34,21.03,68.85,9.66,60.71,76.09,2.76,50,0,0,0,0,0,0,1.72,80,2.41,42.86,0.69,0,0,1.03,6.9,50,0,0,0,0.34,0,0
Motaz Majid Al-Bistamy,Qatar SC,Qatar SC,"LB, RB",29,225000,5,259,15.29,50,right,175,11.47,8.34,58.33,2.43,42.86,1.04,0.35,5.56,9.23,0.35,0.69,0,0,0.01,0,1.04,0,0,0.35,0.69,50,0.69,50,2.78,25,0.35,0.69,0.35,16.68,0,0.35,26.06,73.33,12.16,74.29,79.37,3.47,40,0.14,0.35,0,0,0,0.35,7.99,65.22,1.39,50,0,0,0.35,0.35,6.95,85,0,0,0,0,0,0
Jassem Gaber,Al Rayyan,Al Rayyan,"LDMF, RDMF",23,750000,6,257,11.56,54.55,right,183,7.7,7.7,63.64,1.05,66.67,0.7,0,2.1,2.95,1.75,0,0,0,0,0,0.35,0,0,0,0,0,0.35,0,1.75,20,0,0.35,0,19.61,0,0,31.52,90,5.6,93.75,91.67,2.1,66.67,0,0,0.35,0,0,0,3.5,80,0,0,0,0,0,0,2.8,75,0,0,0,0,0,0
Ismaeel Mohammed,Al Duhail,Al Duhail,"RAMF, RB, RW",35,175000,6,254,15.94,51.11,right,171,5.31,5.67,62.5,3.54,30,0.71,0,1.06,2.43,2.48,3.19,0,0,0.08,0,1.06,33.33,0,0.35,3.9,45.45,1.42,75,4.61,53.85,3.19,0.35,0,16.65,1.42,1.42,20.55,74.14,4.25,75,85.37,2.13,50,0.13,0.71,0,0,0,0.71,3.19,77.78,2.48,71.43,0,0,1.06,2.13,3.54,70,0,0,0,0,0,0
Said Brahmi,Qatar SC,Qatar SC,"RAMF, CF, LAMF",30,0,6,253,15.3,34.88,right,170,6.05,6.05,52.94,0.71,50,0.36,0,2.49,3.82,1.42,3.56,0.36,0.36,0.4,0.36,1.42,75,25,0,2.13,33.33,3.56,50,6.76,26.32,2.85,1.07,0.71,7.11,1.07,0.71,11.38,71.88,3.56,80,85,2.13,66.67,0.06,0.36,0,0,0,0.36,0,0,1.07,66.67,0,0,0.36,0.71,1.78,80,0,0,0,0,0,0
Salah Zakaria,Al Duhail,Al Duhail,GK,26,0,3,248,0.36,100,left,189,1.09,0,0,0.36,100,0,0,1.09,2.14,0.36,0,0,0,0,0,0,0,0,0,0,0,0,0,0,0,0,0,0,9.44,0,0,15.24,90.48,6.17,82.35,97.14,2.54,57.14,0,0,0,0,0,0,0.36,100,0,0,0,0,0,0,2.18,50,,,,0,0,0
Erik Expósito,Al Ahli,Al Ahli,CF,29,2500000,8,248,31.94,39.77,left,190,1.81,1.45,25,5.08,71.43,0,0,1.45,2.35,0.73,4.35,0,0,0.07,0,1.09,66.67,0,0.36,2.9,37.5,4.72,53.85,21.77,36.67,2.54,0.73,0.36,7.26,1.09,3.63,17.06,70.21,4.72,53.85,77.14,1.81,60,0.22,0.73,0.36,0,0,1.45,0.36,100,2.18,66.67,0.36,0,1.45,1.09,1.09,100,0,0,0,0,0,0
Jamal Hamed,Al Gharafa,Al Gharafa,"CF, RWF, LWF",23,0,6,248,17.06,42.55,unknown,183,5.44,3.63,70,2.9,50,0,0,2.9,4.9,0.36,1.45,0,0,0.01,0,0.73,50,0,0,2.9,25,1.09,33.33,8.71,29.17,0.73,1.09,0,21.41,1.45,1.09,33.75,77.42,6.53,72.22,83.95,2.18,50,0,0,0.36,0,0,0,2.54,71.43,0.73,0,0,0,0,0.36,3.99,54.55,0,0,0,0,0,0
Hasan Al Haydos,Al Sadd,Al Sadd,"RAMF, LCMF",34,600000,7,237,7.97,52.38,right,174,4.18,4.94,53.85,0,0,0,0.38,1.52,2.79,1.9,1.9,0,0,0.07,0,0.76,0,0,0.38,1.9,60,1.14,33.33,3.04,50,2.28,1.14,0,33.8,1.52,0.76,41.77,77.27,10.25,70.37,77.89,3.8,80,0.26,1.9,0.38,0,0.38,0.76,7.22,73.68,4.56,58.33,0.38,100,2.28,1.14,8.73,78.26,0,0,0,0.38,0,0
Mouaz Gadelseed Abdalla,Al Sailiya,Al Sailiya,LB,24,50000,5,236,14.11,59.46,left,177,11.06,8.01,57.14,0.76,100,0.38,0.38,6.1,6.23,1.53,0.76,0,0,0,0,0,0,0,0,1.53,25,0.38,100,3.05,87.5,0,0.38,0,13.35,0,2.29,20.59,72.22,10.3,66.67,80.49,3.43,55.56,0.03,0.38,0,0,0,0,2.29,50,1.14,33.33,0,0,0,0.38,5.34,50,0,0,0,0,0,0
Ahmed Sayyar,Qatar SC,Qatar SC,"DMF, RCMF",32,125000,5,229,13.36,44.12,right,177,6.29,5.9,53.33,1.18,66.67,1.57,0,1.57,2.4,1.97,0,0,0,0,0,0,0,0,0,0.39,0,0.39,0,3.14,50,0.39,0.39,0,20.83,0.39,1.57,27.51,90,7.86,75,92.42,1.18,66.67,0,0.39,0,0,0,0,3.54,100,0.79,50,0,0,0.79,0,3.14,87.5,0,0,0,0,0,0
Mubarak Hamza,Al Duhail,Al Duhail,"RW, RAMF, LAMF",21,0,5,227,17.05,44.19,right,176,1.98,4.36,36.36,3.17,37.5,0,0,0.4,0.73,1.19,3.57,0,0,0.16,0,1.19,100,0,0,1.98,20,2.38,83.33,7.93,55,3.17,0.4,0,13.88,0.79,1.98,22.6,75.44,2.78,57.14,82.35,0.4,0,0.04,0.79,0,0,0,0,0.79,50,1.98,20,0.4,0,0.4,0.4,2.38,66.67,0,0,0,0,0,0
Raúl de Tomás,Al Wakrah,Al Wakrah,CF,31,2000000,9,227,19.03,25,right,180,3.96,5.15,38.46,5.15,7.69,0.4,0.79,1.59,3.43,3.17,1.98,0.4,0.4,0.4,0,2.78,42.86,14.286,0,1.19,0,0.79,100,5.95,40,3.17,0,0,7.53,1.19,1.59,12.69,78.13,1.19,33.33,89.29,0.4,0,0,0,0,0,0,0,0.79,50,0.4,0,0.4,0,0,0,0,0,0.79,0.4,0,0,0,0
Abdulla Al Salati,Al Arabi,Al Arabi,RB,23,0,3,223,16.95,54.76,right,0,7.26,10.49,53.85,2.02,80,0,0,1.61,2.5,2.42,0.81,0,0,0.03,0,0.81,50,0,0,1.61,0,0.81,50,3.23,50,1.21,0.4,0.4,15.74,1.21,0.81,23.41,72.41,8.88,63.64,85.71,2.02,0,0.02,0.4,0,0,0,0,2.02,20,2.02,20,0,0,0,0.4,3.63,22.22,0,0,0,0,0,0
Khalid Muftah,Al Shahaniya,Al Shahaniya,LB,33,200000,4,220,11.45,42.86,left,173,8.59,8.18,30,1.23,66.67,0.41,0,5.73,8.75,2.45,0.82,0,0,0.03,0,0.41,0,0,0,1.23,66.67,0,0,0.82,50,0.41,0.41,0,21.27,0.41,0.41,27.41,86.57,9,77.27,90.16,1.23,33.33,0.06,0.41,0,0,0,0,2.45,50,0.82,100,0,0,0,0.82,2.45,33.33,0,0,0,0,0,0
A. Mitrovi?,Al Rayyan,Al Rayyan,CF,31,28000000,3,217,11.2,44.44,right,189,1.24,1.24,66.67,4.56,45.45,0,0,0.41,0.7,1.66,2.07,0.83,0.83,0.42,0.41,2.07,60,40,0.41,0.83,50,0.41,100,3.73,44.44,3.73,0.83,0.41,10.78,1.24,0.83,13.27,68.75,2.9,28.57,70,0,0,0.14,0.41,0.41,0,0.41,0.41,0.83,0,2.07,40,0.41,0,0.83,0.41,0.83,50,0,0,0,0,0,0
Tamer Seyam,Al Shamal,Al Shamal,"AMF, RW, RWF",33,300000,6,216,13.75,42.42,left,186,5.83,5,75,3.75,22.22,0,0,2.08,3.19,2.08,2.08,0.42,0.42,0.31,0,1.25,33.33,33.333,0,2.08,40,1.67,50,2.92,42.86,4.17,2.5,0.42,15.83,2.08,0.42,20.42,69.39,3.33,62.5,74.42,0.42,0,0,0,0,0,0,0,1.67,75,2.92,28.57,0,0,0,0.83,2.08,40,0.42,0,0,2.08,0,0
Marwan Badreldin,Al Ahli,Al Ahli,GK,26,200000,2,209,0.43,100,right,177,0.43,0,0,0.43,100,0,0,0.43,0.63,0,0,0,0,0,0,0,0,0,0,0,0,0,0,0,0,0,0,0,16.36,0,0,20.67,81.25,12.49,68.97,96.55,8.18,57.89,0,0,0,0,0,0,0.43,0,0,0,0,0,0,0,5.6,53.85,,,,0,0,0
Rami Al Hamwende,Umm Salal,Umm Salal,"RW, LW",25,100000,5,207,10,47.83,right,182,3.48,3.48,62.5,3.04,42.86,0,0,1.3,2.25,0.43,1.74,0.87,0.87,0.47,0.43,2.17,40,40,0,0.87,50,0.43,100,2.61,33.33,3.04,1.3,0.43,11.74,0.43,0.43,14.78,70.59,4.35,70,72.41,1.3,66.67,0.07,0.87,0,0,0,0.43,1.3,66.67,2.17,40,0,0,0.43,0.43,2.17,100,0,0,0,0,0,0
Fares Amer,Umm Salal,Umm Salal,LCMF,22,0,3,207,18.7,55.81,,0,11.74,9.13,71.43,4.35,60,0.43,0.87,4.78,6.11,0.43,0.43,0,0,0.01,0,0.87,0,0,0,0,0,0.43,100,3.91,22.22,0.87,0.43,0,18.26,0.43,0,25.22,74.14,9.13,61.9,79.59,3.91,44.44,0.01,0.43,0,0,0,0,6.52,60,0.43,100,0,0,0.43,0,6.52,80,0,0,0,0,0,0
Sami Habib,Al Rayyan,Al Rayyan,GK,28,125000,2,207,1.3,100,right,0,2.61,0,0,0.43,100,0,0,2.61,4.74,0,0,0,0,0,0,0,0,0,0.43,0,0,0,0,0.43,100,0,0,0,6.09,0,0.87,11.3,76.92,6.52,66.67,84.21,3.04,57.14,0,0,0,0,0,0.43,0.43,100,0,0,0.43,100,0,0,3.48,37.5,,,,0,0,0
Yusuf Abdurisag,Al Wakrah,Al Wakrah,"CF, RAMF, LW",26,0,6,206,22.72,40.38,right,175,6.12,7.43,58.82,2.62,16.67,0.87,0,0.87,1.54,2.18,2.18,0,0,0.09,0,0.87,0,0,0,0.87,50,3.5,50,9.61,31.82,2.18,1.31,0,11.8,0,2.18,18.79,72.09,6.99,56.25,73.68,1.75,75,0.07,0.44,0,0,0,0.44,0.87,50,1.75,75,0,0,0.87,0.44,4.81,63.64,0,0,0,1.31,0,0
Mohamed Surag,Al Rayyan,Al Rayyan,"LAMF, LB",22,0,4,204,11.91,37.04,right,0,1.32,1.76,75,1.32,33.33,0,0,0,0,0.44,2.21,0,0,0,0,0.44,0,0,0.44,3.97,33.33,2.65,33.33,6.62,26.67,2.21,2.65,0,25.59,2.21,0.88,33.09,80,8.38,78.95,89.06,0.88,0,0.1,0.88,0,0,0.44,1.32,2.65,100,4.41,40,1.32,0,0.88,1.32,4.41,90,0,0,0,0,0,0
A. Diallo,Al Duhail,Al Arabi,"LCB, LB",29,8000000,3,204,13.68,64.52,left,186,8.38,7.06,68.75,2.65,66.67,0,0,3.53,5.33,1.76,0.88,0,0,0.04,0,0.44,100,0,0.44,0.44,100,0.44,0,1.76,75,0.44,0.44,0,24.26,0,1.32,35.29,78.75,19.85,68.89,86.57,5.29,33.33,0.06,0.44,0,0,0,0.44,3.53,37.5,1.76,50,0,0,0.44,0.44,8.38,63.16,0,0,0,0,0,0
N. Al Aidouni,Umm Salal,Umm Salal,LCB,23,0,2,203,8.42,52.63,both,188,9.31,4.88,54.55,1.33,66.67,0,0.89,6.65,9.78,1.33,0.44,0,0,0,0,0,0,0,0,0.44,0,0.44,100,1.33,33.33,0.44,1.77,0,17.29,0,0,30.59,82.61,12.41,67.86,88.52,3.55,37.5,0,0,0,0,0,0,2.66,50,0,0,0,0,0,0,6.21,42.86,0,0,0,0,0,0
Louay Ashour,Umm Salal,Umm Salal,GK,29,175000,2,203,0.44,100,right,186,2.22,0,0,0.44,100,0,0,2.22,2.46,0,0,0,0,0,0,0,0,0,0,0,0,0,0,0,0,0,0,0,2.22,0,0,6.65,66.67,4.88,54.55,100,3.55,37.5,0,0,0,0,0,0,1.33,33.33,0,0,0,0,0,0,2.66,50,,,,0,0,0
Omar Ali,Al Shamal,Al Shamal,"LAMF, RCMF, LW",33,125000,7,203,11.97,37.04,right,0,2.66,3.99,44.44,2.66,33.33,0,0,0.89,1.43,1.33,1.77,0.89,0.89,0.32,0,1.77,50,50,0,1.77,25,1.77,25,3.99,22.22,1.77,0.44,0,13.74,2.66,0.89,19.95,77.78,4.88,54.55,84.21,1.33,66.67,0,0,0,0,0,0,1.77,0,2.22,20,0,0,0,0.44,1.77,50,0,0,0,0,0,0
Saad Al Sheeb,Al Sadd,Al Sadd,GK,35,125000,2,202,0.45,100,right,188,0.89,0,0,0,0,0,0,0.89,1.88,0,0,0,0,0,0,0,0,0,0,0,0,0,0,0,0,0,0,0,8.47,0,0.45,11.58,92.31,5.35,83.33,100,1.34,33.33,0,0,0,0,0,0,0,0,0,0,0,0,0,0,0.89,0,,,,0,0,0
Talal Al Shila,Al Ahli,Al Ahli,"LDMF, RCMF, RCB",33,100000,5,200,11.7,61.54,right,0,6.75,6.75,60,0.9,0,0,0,2.7,3.53,1.35,0.9,0,0,0.07,0,0.45,100,0,0,0,0,0.9,50,3.6,75,0.45,0,0,31.5,0.45,0.9,40.05,87.64,13.05,75.86,90.54,6.75,73.33,0,0,0,0,0,0,6.3,71.43,0,0,0.45,100,0.45,0,6.3,78.57,0,0,0,0,0,0
A. El Ghazi,Al Sailiya,Al Sailiya,"LW, CF, AMF",30,2500000,7,194,25.52,36.36,right,189,1.86,4.64,30,5.57,33.33,0,0,0.46,0.65,2.32,6.49,0,0,0.75,0,5.1,54.55,0,0,2.32,20,5.57,58.33,12.06,42.31,2.78,4.18,0.93,13.45,2.32,0.93,17.16,72.97,3.71,50,83.33,0.93,50,0.01,0.46,0,0,0,0,0.93,100,2.32,40,0,0,0.46,0.46,2.78,83.33,0,0,0,0,0,0
Tahsin Jamshid,Al Duhail,Al Duhail,"LAMF, RW, LW",19,0,7,186,21.29,52.27,,0,6.77,5.81,75,2.42,0,0.48,0,1.94,3.53,0.97,6.29,0.48,0.48,0.44,0,1.94,50,25,0,3.87,37.5,4.84,80,12.58,50,4.35,5.32,0.48,16.94,2.9,2.42,20.32,73.81,3.39,71.43,84.38,0.97,50,0.17,1.45,0,0,0,0.97,0.97,100,1.94,50,0,0,0.97,0.97,1.94,75,0,0,0,0.48,0,0
Hamad Mansour,Al Ahli,Al Ahli,"RCMF, RB, RDMF",31,225000,5,177,18.31,38.89,right,0,10.68,9.66,42.11,1.53,33.33,1.02,0,5.59,8.25,3.05,0.51,0,0,0,0,0,0,0,0,1.53,0,0.51,100,3.56,42.86,0,1.02,0,20.85,1.53,0,31.02,78.69,9.66,68.42,88.68,2.54,20,0,0,0,0,0,0,4.58,55.56,0.51,0,0,0,0,0,3.56,42.86,0,0,0,0,0,0
Khalid Radwan,Al Ahli,Al Ahli,"RWB, RCB",35,0,4,177,16.27,46.88,right,183,10.68,9.15,44.44,2.03,50,0.51,1.02,6.1,10,0,0,0,0,0,0,0,0,0,0,0.51,0,0,0,2.54,20,0.51,0.51,0,20.85,1.02,0.51,27.97,85.45,7.63,73.33,88.24,1.53,66.67,0.01,0.51,0,0,0,0,2.03,75,0.51,0,0,0,0.51,0,5.59,54.55,0,0,0,0,0,0
Ahmed Doozandeh,Al Arabi,Al Arabi,"AMF, RCMF, LAMF",30,150000,3,174,9.83,63.16,left,172,2.07,3.1,66.67,0.52,100,0,0,0,0,0.52,0.52,0.52,0.52,0.55,0,1.55,33.33,33.333,0,1.03,0,0,0,4.14,37.5,2.07,0,0,22.76,0.52,2.07,28.97,85.71,4.14,50,90,2.07,75,0,0,0,0,0,0,3.1,83.33,0.52,0,0,0,0,0,3.1,50,0,0,0,2.59,0,0
Mustafa Asar,Al Rayyan,Al Rayyan,"CF, LAMF, RCMF",21,0,6,173,16.13,29.03,right,0,2.6,5.2,40,4.16,0,0,0,0.52,0.91,2.08,1.56,0,0,0.3,0,2.6,20,0,0,1.56,0,3.12,33.33,5.2,30,3.64,2.08,0,8.32,0.52,0.52,14.57,71.43,3.12,16.67,83.33,0.52,0,0.01,1.04,0,0,0,0.52,1.04,50,0.52,0,0,0,1.04,0,1.56,33.33,0,0,0,0,0,0
Meshaal Al Shammari,Umm Salal,Umm Salal,"CF, RW, RAMF",30,0,6,173,14.57,28.57,,0,6.76,6.24,50,1.56,0,0.52,0,3.12,4.29,1.04,0.52,0,0,0,0,0,0,0,0,2.08,25,1.04,0,4.16,12.5,1.56,0.52,0,14.05,2.08,0.52,20.81,75,6.76,69.23,82.35,1.04,50,0.12,1.04,0.52,0,0,1.04,2.6,60,2.08,50,0,0,0.52,0.52,3.12,66.67,0,0,0,0,0,0
N. Laidouni,Umm Salal,Umm Salal,RCB,23,450000,2,173,14.05,48.15,right,190,12.49,9.88,52.63,2.08,25,0,0,7.28,9.13,0.52,0.52,0,0,0,0,0,0,0,0,0,0,1.04,50,1.04,50,0,0.52,0,12.49,0,0,29.13,69.64,14.05,74.07,75,6.24,50,0.05,0.52,0,0,0,0.52,2.6,60,0.52,100,0,0,0.52,0,8.32,37.5,0,0,0,0,0,0
Nasir Baksh,Qatar SC,Qatar SC,"RB, LB",26,200000,4,168,13.93,53.85,right,169,11.79,8.04,73.33,3.21,16.67,2.14,0,3.75,5.68,1.61,1.61,0,0,0.03,0,0.54,0,0,0,1.61,33.33,1.07,100,1.61,66.67,0,0,0,12.86,1.07,0,19.82,64.86,11.25,57.14,82.61,5.89,36.36,0.08,0.54,0,0,0,0.54,4.82,66.67,1.61,33.33,0,0,0,0.54,6.43,75,0,0,0,0,0,0
Abdulrahman Mussed,Al Shahaniya,Al Shahaniya,"RW, LW",29,0,5,158,15.95,39.29,right,0,6.27,7.41,53.85,1.71,33.33,0,0,2.28,3.64,1.14,2.28,0,0,0.67,0,1.71,33.33,0,0,2.28,75,1.14,0,5.13,22.22,2.85,2.28,0,19.37,3.42,0.57,26.77,82.98,7.41,76.92,83.72,0,0,0.22,1.71,0,0,0.57,1.14,1.71,66.67,1.71,100,0.57,0,0.57,1.71,4.56,75,0,0,0,0,0,0
Salem Reda,Al Arabi,Al Arabi,"RCMF, AMF, CF",19,0,6,157,16.05,46.43,unknown,0,5.73,5.16,55.56,3.44,50,1.15,0,1.72,2.57,1.72,0.57,0,0,0.26,0,1.72,33.33,0,0,0.57,0,0,0,5.73,40,1.72,0,0,12.04,0,2.87,17.77,80.65,4.59,75,82.14,1.15,100,0,0,0,0,0,0,1.72,66.67,1.72,33.33,0,0,0.57,0,2.29,100,0,0,0,0,0,0
Omar Al Osad,Al Wakrah,Al Wakrah,"AMF, LAMF, CF",22,0,5,146,16.03,30.77,unknown,177,2.47,3.7,50,2.47,0,0,0,0.62,1.15,1.23,0.62,0,0,0.16,0,2.47,0,0,0,0.62,0,1.23,50,8.01,30.77,4.32,4.32,0.62,16.64,1.23,1.23,23.42,86.84,3.08,80,89.19,0,0,0,0,0,0,0,0,2.47,50,0.62,0,0,0,0.62,0,2.47,75,0,0,0,0,0,0
M. Balah,Al Shahaniya,Al Shahaniya,CF,32,0,4,142,14.58,43.48,right,188,1.9,1.9,33.33,7.61,58.33,0,0.63,1.27,2.07,1.9,1.27,0.63,0.63,0.1,0.63,1.27,100,50,0,0,0,0,0,4.44,28.57,1.9,0,0,5.7,1.27,0.63,7.61,75,0.63,0,75,0,0,0,0,0,0,0,0,0,0,0,0,0,0,0,0,1.27,0,0,0,0,0,0,0
Y. Belhanda,Al Shamal,Al Shamal,"AMF, LAMF, LCMF",35,1500000,5,141,11.49,50,right,175,5.74,4.47,85.71,1.28,100,0,0.64,1.91,3,1.28,2.55,0,0,0.17,0,2.55,25,0,0.64,1.28,100,1.91,33.33,5.11,12.5,2.55,1.28,0,17.87,1.28,0,31.91,80,6.38,70,80.85,0.64,0,0.31,1.28,0,0,0,0.64,3.83,83.33,0.64,100,0,0,0.64,1.28,7.02,45.45,0.64,0.64,0,1.28,0,0
Ali Said,Al Shahaniya,Al Shahaniya,"LAMF, LW",32,150000,4,138,16.96,26.92,,0,1.96,5.87,33.33,1.96,0,0,0,0,0,1.96,1.96,0,0,0,0,0,0,0,0,1.3,0,3.91,50,8.48,30.77,0.65,0.65,0,9.13,1.3,1.96,14.35,72.73,3.26,40,84.21,1.3,0,0.07,0.65,0,0,0,0,1.3,0,0.65,0,0,0,0,0,0.65,0,0,0,0,0.65,0,0
Abdulaziz Mohamad,Al Shahaniya,Al Shahaniya,"LCMF, CF",22,0,3,134,16.12,37.5,,0,4.03,5.37,50,2.01,33.33,0,0,1.34,1.62,1.34,1.34,0,0,0.02,0,0.67,100,0,0,0.67,0,1.34,50,6.04,33.33,0,0.67,0,17.46,0.67,1.34,22.16,84.85,5.37,75,90.32,0.67,0,0,0,0,0,0,0,2.01,66.67,0.67,0,0,0,0,0,2.69,75,0,0,0,0,0,0
Islam Yassine,Al Ahli,Al Ahli,LB,32,175000,5,125,21.6,40,left,0,7.92,10.08,64.29,2.16,0,0.72,0,0.72,1.43,2.16,0,0,0,0.1,0,0.72,0,0,0,0.72,0,2.16,0,7.92,27.27,2.16,0,0,29.52,4.32,1.44,36,84,10.8,80,90.7,4.32,50,0,0,0,0,0,0,4.32,83.33,2.16,33.33,0,0,0.72,0,5.04,71.43,0,0,0,0,0,0
Sayed Hassan Issa,Umm Salal,Umm Salal,"RCMF, LCMF",28,150000,3,122,20.66,53.57,right,0,12.54,10.33,64.29,3.69,20,1.48,0,4.43,5.29,0.74,2.21,0.74,0.74,0.15,0,0.74,100,100,0,0,0,1.48,100,4.43,66.67,0.74,0,0,11.07,0,0,19.92,77.78,5.16,57.14,80.77,0.74,0,0,0,0,0,0,0,1.48,0,0,0,0,0,0,0,3.69,20,0,0,0,0,0,0
Y. Sabaly,Al Duhail,Al Duhail,RB,32,2500000,2,122,17.7,54.17,right,173,10.33,4.43,66.67,1.48,100,0,0,7.38,12,0.74,2.95,0,0,0.02,0,0.74,0,0,0,3.69,20,2.21,100,8.85,33.33,2.95,2.95,0,28.03,2.21,0,45,85.25,17.7,87.5,94.12,3.69,60,0.22,1.48,0,0,0,1.48,5.16,71.43,5.16,71.43,0,0,3.69,0.74,10.33,85.71,0,0,0,0,0,0
Amro Abdelfatah Ali Surag,Al Gharafa,Al Gharafa,RB,27,325000,4,118,12.2,68.75,right,168,9.15,6.1,87.5,1.53,0,0,0,3.81,5.17,0.76,1.53,0,0,0,0,0,0,0,0,0.76,0,1.53,100,4.58,66.67,1.53,0.76,0,24.41,3.05,1.53,34.32,80,9.15,75,83.33,1.53,50,0,0,0,0,0,0,0.76,100,0,0,0,0,0,0,4.58,33.33,0,0,0,0,0,0
Abdullah Alahrak,Al Duhail,Al Duhail,"LDMF, LCMF",28,275000,2,115,13.3,35.29,right,175,5.48,4.7,66.67,0.78,0,0,0,2.35,3.33,0.78,0.78,0,0,0,0,0,0,0,0,0,0,2.35,33.33,7.83,20,0,1.57,0,42.26,0,0,54,86.96,13.3,58.82,90.63,3.91,40,0,0,0,0,0,0,5.48,71.43,3.13,50,0,0,0.78,0,8.61,81.82,0,0,0,0,0,0
Abdulrahman Moustafa,Al Ahli,Al Ahli,"RW, RCMF, RAMF",28,150000,3,110,19.64,33.33,right,177,3.27,4.91,50,0,0,0,0,0.82,1.25,0,1.64,0,0,0.26,0,2.45,0,0,0,0,0,3.27,50,12.27,20,4.09,0.82,0,27,0,0,26.18,87.5,5.73,85.71,87.5,0,0,0,0,0,0,0,0,3.27,100,1.64,100,0,0,1.64,0,3.27,100,0,0,0,0,0,0
Gerard Hernández,Al Arabi,Al Arabi,"RCMF, LCMF, LDMF",20,0,4,107,11.78,42.86,right,0,5.05,2.52,33.33,1.68,100,0,1.68,4.21,6.82,0.84,1.68,0,0,0.03,0,0.84,100,0,0,0,0,0.84,100,4.21,40,0,0,0,26.07,0,1.68,35.33,85.71,11.78,85.71,86.11,5.05,83.33,0.01,0.84,0,0,0,0,5.89,71.43,0.84,100,0.84,0,0,0,6.73,87.5,0,0,0,0,0,0
A. Fadlelmawla,Al Ahli,Al Ahli,RB,22,0,1,102,14.12,68.75,,0,8.82,7.94,55.56,0.88,100,0,0,4.41,6.25,0.88,0.88,0,0,0,0,0,0,0,0,0.88,100,0,0,2.65,66.67,0,0,0,22.94,3.53,1.76,34.41,89.74,8.82,90,94.44,1.76,0,0.17,0.88,0,0,0,0.88,1.76,50,0.88,100,0.88,0,0,0.88,3.53,100,0,0,0,0,0,0
M. Ismail Batat,Qatar SC,Qatar SC,"RB, RWB",32,0,1,102,7.94,77.78,,0,7.94,5.29,83.33,1.76,50,0.88,0,2.65,4.5,0,0,0,0,0,0,0,0,0,0,1.76,0,0,0,0,0,0.88,0.88,0,12.35,0,0,19.41,63.64,7.06,37.5,92.86,5.29,16.67,0,0,0,0,0,0,3.53,25,2.65,0,0,0,0,0,3.53,75,0,0,0,0,0,0
A. Hazaa Alhasia,Umm Salal,Umm Salal,LB,,0,1,101,9.8,36.36,,0,7.13,7.13,50,1.78,0,0.89,0,2.67,3.1,0.89,0,0,0,0,0,0,0,0,0,0.89,0,0,0,0,0,0,0,0,8.02,0,0,13.37,66.67,6.24,57.14,81.82,2.67,33.33,0,0,0,0,0,0,2.67,33.33,0,0,0,0,0,0,2.67,66.67,0,0,0,0,0,0
F. Russo,Qatar SC,Qatar SC,RCB,31,900000,1,101,13.37,66.67,right,185,9.8,4.46,60,2.67,66.67,0.89,0,6.24,8.4,0,0.89,0,0,0,0,0.89,0,0,0,0,0,0.89,100,1.78,100,0.89,0.89,0,34.75,0,0.89,50.79,87.72,22.28,72,89.09,1.78,50,0,0,0,0,0,0,8.91,80,0,0,0,0,0.89,0,6.24,71.43,0,0,0,0,0,0
Rayyan Al Ali,Al Gharafa,Al Gharafa,"LWB, LB",19,0,3,96,18.75,55,unknown,0,12.19,14.06,46.67,2.81,66.67,1.88,0,3.75,7.5,0.94,1.88,0,0,0,0,0,0,0,0,0.94,100,0.94,100,1.88,100,0.94,1.88,0,25.31,0.94,1.88,30.94,90.91,6.56,85.71,90.32,0.94,100,0.15,0.94,0,0,0,0.94,2.81,100,0.94,100,0,0,0,0.94,4.69,100,0,0,0,0,0,0
Salem Al Hajri,Al Wakrah,Al Wakrah,RCB,29,125000,1,93,6.77,42.86,right,183,4.84,1.94,100,2.9,33.33,0,0,2.9,3.33,0,0,0,0,0,0,0,0,0,0,0,0,0,0,0.97,0,0,0,0,16.45,0,0,24.19,88,10.65,81.82,90.48,3.87,75,0,0,0,0,0,0,0.97,0,0.97,0,0.97,0,0,0,2.9,66.67,0,0,0,0,0,0
Yousef Ali Al-Alawi,Al Rayyan,Al Rayyan,RB,21,0,1,84,10.71,50,,0,5.36,7.5,42.86,0,0,0,0,2.14,3,0,0,0,0,0,0,0,0,0,0,0,0,0,0,2.14,50,0,1.07,0,24.64,1.07,1.07,35.36,78.79,22.5,76.19,82.76,4.29,50,0,0,0,0,0,0,4.29,75,0,0,0,0,0,0,11.79,63.64,0,0,0,0,0,0
Mohamed Al Manai,Al Shamal,Al Shamal,"CF, LCMF",23,0,1,82,23.05,28.57,right,0,6.59,10.98,40,5.49,0,1.1,0,1.1,1.5,3.29,0,0,0,0.02,0,1.1,0,0,0,0,0,0,0,5.49,20,1.1,1.1,0,9.88,2.2,1.1,8.78,87.5,1.1,100,87.5,0,0,0,0,0,0,0,0,1.1,100,0,0,0,0,0,0,2.2,100,0,0,0,0,0,0
Mohammed Emad Aiash,Al Wakrah,Al Wakrah,"RB, RCB",24,300000,3,80,14.63,76.92,right,187,9,7.87,85.71,3.38,100,0,0,2.25,5.45,2.25,0,0,0,0,0,0,0,0,0,1.13,0,0,0,1.13,0,0,0,0,12.38,0,0,21.38,78.95,7.87,71.43,83.33,0,0,0,0,0,0,0,0,2.25,50,1.13,0,0,0,0,0,3.38,66.67,0,0,0,0,0,0
Ahmad Al Sebai,Al Sailiya,Al Sailiya,"CF, LCMF, LW",26,0,3,77,12.86,63.64,right,170,4.68,3.51,100,1.17,0,0,0,1.17,1.76,0,2.34,0,0,0,0,0,0,0,0,3.51,33.33,2.34,50,5.84,60,0,0,0,14.03,2.34,2.34,19.87,64.71,5.84,60,71.43,1.17,100,0.02,2.34,0,0,0,0,2.34,50,2.34,0,0,0,0,0,1.17,100,0,0,0,2.34,0,0
N. Mason,,Qatar SC,RB,28,0,1,76,16.58,35.71,right,180,5.92,5.92,40,5.92,60,0,0,3.55,4.74,1.18,3.55,1.18,1.18,0.56,0,2.37,100,50,0,3.55,33.33,1.18,0,3.55,0,3.55,1.18,0,16.58,0,0,27.24,60.87,16.58,50,78.57,7.11,33.33,0.34,1.18,0,0,0,1.18,5.92,60,3.55,66.67,0,0,1.18,1.18,9.47,75,0,0,0,0,0,0
D. Soliman,Al Shahaniya,Al Shahaniya,LB,21,0,1,74,18.24,66.67,left,0,9.73,8.51,71.43,1.22,100,1.22,1.22,2.43,3.16,2.43,1.22,0,0,0,0,0,0,0,0,2.43,50,0,0,7.3,66.67,0,1.22,0,23.11,0,1.22,35.27,65.52,20.68,58.82,66.67,7.3,66.67,0,1.22,0,0,0,0,10.95,55.56,2.43,50,0,0,0,1.22,10.95,55.56,0,0,0,0,0,0
Mahmoud Wadi,Umm Salal,Umm Salal,CF,30,200000,3,68,15.88,8.33,right,188,1.32,1.32,0,3.97,0,0,0,1.32,2.14,2.65,0,0,0,0,0,0,0,0,0,0,0,1.32,0,6.62,20,1.32,0,0,5.29,1.32,1.32,9.26,85.71,0,0,85.71,0,0,0,0,0,0,0,0,0,0,0,0,0,0,0,0,0,0,0,0,0,0,0,0
Yousuf Muftah,Al Arabi,Al Arabi,LCB,37,50000,2,67,5.37,50,right,165,4.03,1.34,0,1.34,100,0,0,4.03,6.43,0,0,0,0,0,0,0,0,0,0,0,0,0,0,1.34,100,0,0,0,32.24,0,1.34,37.61,92.86,10.75,87.5,96,4.03,66.67,0,0,0,0,0,0,1.34,0,0,0,0,0,0,0,4.03,66.67,0,0,0,0,0,0
Rabeh Boussafi,Al Gharafa,Al Gharafa,"RWF, RCMF, RW",25,250000,5,67,22.84,47.06,left,174,4.03,4.03,66.67,2.69,50,0,0,1.34,3,0,8.06,0,0,0.05,0,1.34,100,0,0,9.4,0,12.09,55.56,12.09,55.56,4.03,6.72,0,32.24,4.03,0,41.64,67.74,1.34,100,90.91,2.69,50,0,1.34,0,0,0,0,2.69,100,8.06,0,0,0,0,0,2.69,100,0,0,0,1.34,0,0
Rúben Lameiras,Al Sailiya,Al Sailiya,"AMF, RW",30,500000,2,65,6.92,20,left,174,1.38,1.38,0,0,0,0,0,1.38,2.5,1.38,0,0,0,0.02,0,2.77,0,0,0,1.38,0,0,0,5.54,25,0,0,0,16.62,1.38,0,23.54,82.35,5.54,100,85.71,2.77,100,0,0,0,0,0,0,2.77,100,1.38,100,0,0,1.38,0,5.54,100,1.38,0,0,1.38,0,0
Abdallah Al Muftah,Qatar SC,Qatar SC,"RCB, LCB",27,150000,2,53,1.7,0,right,0,6.79,1.7,0,0,0,0,0,6.79,10.91,1.7,0,0,0,0,0,0,0,0,0,0,0,0,0,0,0,0,0,0,3.4,0,0,11.89,57.14,5.09,0,50,5.09,66.67,0,0,0,0,0,0,1.7,0,0,0,0,0,0,0,0,0,0,0,0,0,0,0
Mohammed Al Bakri,Al Wakrah,Al Wakrah,GK,28,100000,1,53,0,0,right,181,5.09,0,0,0,0,0,0,5.09,9,0,0,0,0,0,0,0,0,0,0,0,0,0,0,0,0,0,0,0,8.49,0,0,13.58,100,5.09,100,100,3.4,100,0,0,0,0,0,0,0,0,0,0,0,0,0,0,3.4,100,,,,0,0,0
T. Ali Ali,Al Ahli,Al Ahli,RCMF,34,0,1,52,20.77,50,right,173,5.19,8.65,60,3.46,0,0,0,0,0,1.73,1.73,0,0,0.27,0,1.73,100,0,0,0,0,1.73,0,8.65,60,1.73,0,0,25.96,0,0,31.15,83.33,20.77,75,76.92,8.65,100,0,0,0,0,0,0,6.92,75,0,0,1.73,100,1.73,0,13.85,87.5,0,0,0,0,0,0
Adel Al Sulimane,Al Shamal,Al Shamal,"RDMF, RCMF, RAMF",30,325000,2,52,12.12,85.71,right,173,8.65,8.65,100,0,0,0,0,0,0,1.73,0,0,0,0,0,0,0,0,0,0,0,0,0,0,0,0,0,0,8.65,1.73,0,13.85,87.5,6.92,75,87.5,0,0,0,0,0,0,0,0,0,0,0,0,0,0,0,0,1.73,0,0,0,0,0,0,0
M. Achour,Al Arabi,Al Arabi,AMF,,0,1,49,11.02,50,,0,1.84,0,0,0,0,0,0,1.84,2.5,0,0,0,0,0.48,0,1.84,0,0,0,0,0,5.51,0,9.18,40,0,1.84,0,14.69,3.67,1.84,25.71,85.71,9.18,60,85.71,0,0,0,0,0,0,0,0,3.67,50,1.84,0,0,0,0,0,3.67,100,0,0,0,0,0,0
Salem Al Sufiani,Al Sailiya,Al Sailiya,"RCB, RB",22,0,2,47,13.4,57.14,right,186,7.66,7.66,75,3.83,50,0,1.91,1.91,2.73,0,0,0,0,0,0,0,0,0,0,0,0,0,0,1.91,0,0,1.91,0,19.15,0,0,26.81,92.86,17.23,88.89,91.67,3.83,100,0,0,0,0,0,0,5.74,100,0,0,0,0,0,0,11.49,83.33,0,0,0,0,0,0
Nasser Al Ahrak,Umm Salal,Umm Salal,"DMF, RCMF",26,0,2,44,,,right,168,,,,,,,,,3.75,,,,,,,,,0,,,,,,,,,,,,,,,,,,,,,,,,,,,,,,,,,,,,,,,,,0,0
Mohammed Alaa Eldin,Al Wakrah,Al Wakrah,"RB, RW",31,125000,3,43,,,right,176,,,,,,,,,0,,,,,,,,,0,,,,,,,,,,,,,,,,,,,,,,,,,,,,,,,,,,,,,,,,,0,0
K. Ahmed Nasser,Al Sailiya,Al Sailiya,RAMF,,0,1,40,,,,0,,,,,,,,,0,,,,,,,,,33.333,,,,,,,,,,,,,,,,,,,,,,,,,,,,,,,,,,,,,,,,,0,0
K. Mohamed,Al Ahli U23,Al Ahli,DMF,25,0,1,36,,,,0,,,,,,,,,7.5,,,,,,,,,0,,,,,,,,,,,,,,,,,,,,,,,,,,,,,,,,,,,,,,,,,0,0
Mohamed Khaled,Al Wakrah,Al Wakrah,"LAMF, LW, AMF",22,125000,4,36,,,right,0,,,,,,,,,18,,,,,,,,,0,,,,,,,,,,,,,,,,,,,,,,,,,,,,,,,,,,,,,,,,,0,0
Omar Al Emadi,Al Shahaniya,Al Shahaniya,"RCMF, LCMF",30,150000,2,35,,,right,173,,,,,,,,,6,,,,,,,,,0,,,,,,,,,,,,,,,,,,,,,,,,,,,,,,,,,,,,,,,,,0,0
W. Al Bahnasawi,Umm Salal,Umm Salal,RW,21,0,1,34,,,,0,,,,,,,,,3.75,,,,,,,,,0,,,,,,,,,,,,,,,,,,,,,,,,,,,,,,,,,,,,,,,,,0,0
F. Coman,Al Gharafa,Al Gharafa,"RAMF, RCMF, LAMF",27,7000000,3,33,,,right,182,,,,,,,,,6,,,,,,,,,0,,,,,,,,,,,,,,,,,,,,,,,,,,,,,,,,,,,,,,,,,0,0
Shadi Bouri,Al Arabi II,Al Arabi,RB,22,0,2,32,,,unknown,0,,,,,,,,,0,,,,,,,,,0,,,,,,,,,,,,,,,,,,,,,,,,,,,,,,,,,,,,,,,,,0,0
Abdulaziz Adel,Al Sailiya,Al Sailiya,RW,32,0,1,30,,,right,0,,,,,,,,,12.86,,,,,,,,,0,,,,,,,,,,,,,,,,,,,,,,,,,,,,,,,,,,,,,,,,,0,0
Hussain Bahzad,Al Sailiya,Al Sailiya,RB,27,0,1,22,,,right,177,,,,,,,,,6,,,,,,,,,0,,,,,,,,,,,,,,,,,,,,,,,,,,,,,,,,,,,,,,,,,0,0
Diyab Taha,Umm Salal,Umm Salal,RCB,24,100000,1,22,,,right,178,,,,,,,,,30,,,,,,,,,0,,,,,,,,,,,,,,,,,,,,,,,,,,,,,,,,,,,,,,,,,0,0
Hamza Yaser,Al Sailiya,Al Sailiya,RB,24,0,1,22,,,,0,,,,,,,,,0,,,,,,,,,0,,,,,,,,,,,,,,,,,,,,,,,,,,,,,,,,,,,,,,,,,0,0
Almoez Ali,Al Duhail,Al Duhail,RAMF,29,3000000,1,21,,,right,180,,,,,,,,,12,,,,,,,,,0,,,,,,,,,,,,,,,,,,,,,,,,,,,,,,,,,,,,,,,,,0,0
A. Fadel,Al Wakrah,Al Wakrah,LDMF,32,175000,1,21,,,right,0,,,,,,,,,6,,,,,,,,,0,,,,,,,,,,,,,,,,,,,,,,,,,,,,,,,,,,,,,,,,,0,0
M. El Sayed,Al Rayyan,Al Rayyan,CF,21,0,1,20,,,unknown,0,,,,,,,,,0,,,,,,,,,0,,,,,,,,,,,,,,,,,,,,,,,,,,,,,,,,,,,,,,,,,0,0
Ali Asad,Al Sadd,Al Sadd,AMF,32,200000,1,20,,,right,175,,,,,,,,,0,,,,,,,,,0,,,,,,,,,,,,,,,,,,,,,,,,,,,,,,,,,,,,,,,,,0,0
Ibrahim Abdullmajed,Al Shamal,Al Shamal,RCB,35,0,1,16,,,unknown,0,,,,,,,,,0,,,,,,,,,0,,,,,,,,,,,,,,,,,,,,,,,,,,,,,,,,,,,,,,,,,0,0
Husam Hassunin El Said,Al Shahaniya,Al Shahaniya,RB,29,0,1,16,,,right,181,,,,,,,,,0,,,,,,,,,0,,,,,,,,,,,,,,,,,,,,,,,,,,,,,,,,,,,,,,,,,0,0
Ghanem Al Minhali,Al Duhail,Al Duhail,LB,20,0,1,15,,,left,173,,,,,,,,,0,,,,,,,,,0,,,,,,,,,,,,,,,,,,,,,,,,,,,,,,,,,,,,,,,,,0,0
Mohammed Abdulla Al-Ishaq,Al Ahli,Al Ahli,LCB,22,0,1,14,,,right,184,,,,,,,,,30,,,,,,,,,0,,,,,,,,,,,,,,,,,,,,,,,,,,,,,,,,,,,,,,,,,0,0
Simo,Al Shahaniya,Al Shahaniya,RB,22,0,1,14,,,unknown,0,,,,,,,,,0,,,,,,,,,0,,,,,,,,,,,,,,,,,,,,,,,,,,,,,,,,,,,,,,,,,0,0
A. Alqahtani,Al Rayyan,Al Rayyan,LW,19,0,1,14,,,right,165,,,,,,,,,0,,,,,,,,,0,,,,,,,,,,,,,,,,,,,,,,,,,,,,,,,,,,,,,,,,,0,0
M. Holgate,Al Gharafa,Al Gharafa,RB,29,5000000,1,14,,,right,184,,,,,,,,,0,,,,,,,,,0,,,,,,,,,,,,,,,,,,,,,,,,,,,,,,,,,,,,,,,,,0,0
Khalid Muneer,Al Wakrah,Al Wakrah,LAMF,27,275000,1,13,,,right,174,,,,,,,,,0,,,,,,,,,0,,,,,,,,,,,,,,,,,,,,,,,,,,,,,,,,,,,,,,,,,0,0
A. Qahtani,Al Rayyan,Al Rayyan,RAMF,19,0,1,13,,,unknown,0,,,,,,,,,0,,,,,,,,,0,,,,,,,,,,,,,,,,,,,,,,,,,,,,,,,,,,,,,,,,,0,0
Adel Al Omari,Al Shahaniya II,Al Shahaniya,RCMF,35,0,1,12,,,,186,,,,,,,,,0,,,,,,,,,0,,,,,,,,,,,,,,,,,,,,,,,,,,,,,,,,,,,,,,,,,0,0
Abdallah Khaled Sheikh,Umm Salal,Umm Salal,RW,27,100000,1,10,,,right,0,,,,,,,,,0,,,,,,,,,0,,,,,,,,,,,,,,,,,,,,,,,,,,,,,,,,,,,,,,,,,0,0
Mohamad Hassan Safeldin,Al Arabi,Al Arabi,RAMF,22,0,1,10,,,right,164,,,,,,,,,0,,,,,,,,,0,,,,,,,,,,,,,,,,,,,,,,,,,,,,,,,,,,,,,,,,,0,0
Abdullah Al Yazidi,Al Sadd,Al Sadd,RB,23,0,1,9,,,right,176,,,,,,,,,30,,,,,,,,,0,,,,,,,,,,,,,,,,,,,,,,,,,,,,,,,,,,,,,,,,,0,0
A. Mahajna,Al Rayyan,Al Rayyan,LDMF,29,0,1,9,,,right,187,,,,,,,,,0,,,,,,,,,0,,,,,,,,,,,,,,,,,,,,,,,,,,,,,,,,,,,,,,,,,0,0
Mohammed Al Naimi,Al Arabi,Al Arabi,LB,25,0,1,8,,,left,178,,,,,,,,,15,,,,,,,,,0,,,,,,,,,,,,,,,,,,,,,,,,,,,,,,,,,,,,,,,,,0,0
Yousef El Khatib,Al Wakrah,Al Wakrah,RB,21,0,1,5,,,,0,,,,,,,,,0,,,,,,,,,0,,,,,,,,,,,,,,,,,,,,,,,,,,,,,,,,,,,,,,,,,0,0
Hashim Ali,Al Sadd,Al Sadd,CF,25,250000,1,2,,,right,166,,,,,,,,,0,,,,,,,,,0,,,,,,,,,,,,,,,,,,,,,,,,,,,,,,,,,,,,,,,,,0,0
